"Key","Value"
1,63931.585
2,89027.829
3,23943.379
4,13653.348
5,14772.865
6,7041.05
7,44637.776
8,80957.776
9,17731.249
10,21728.164
11,11790.661
12,25958.511
13,11442.896
14,5445.141
15,12943.525
16,46190.808
17,31699.014
18,24648.436
19,39697.607
20,33647.45
21,10270.976
22,11461.952
23,18398.196
24,33904.701
25,36653.473
26,55023.085
27,29069.339
28,33299.685
29,80633.831
30,110551.144
31,79238.007
32,24662.728
33,39468.94
34,28993.117
35,182643.296
36,32146.821
37,104863.043
38,196739.687
39,29979.244
40,31775.236
41,10123.295
42,29255.132
43,112361.428
44,94044.219
45,21385.163
46,26239.58
47,6426.505
48,10142.351
49,14972.949
50,13215.068
51,18903.169
52,25777.482
53,43637.356
54,39245.037
55,71682.456
56,95173.264
57,40855.236
58,20265.645
59,10723.547
60,37363.296
61,10466.296
62,39225.981
63,26458.72
64,59982.309
65,9318.195
66,142.917
67,71844.428
68,4759.139
69,41222.057
70,24291.143
71,15249.255
72,20246.59
73,51192.907
74,48839.538
75,70829.717
76,25915.635
77,12514.775
78,13196.012
79,14610.892
80,9389.654
81,36000.819
82,74583.673
83,22504.68
84,73783.337
85,26282.456
86,27949.822
87,25796.537
88,41260.168
89,37620.546
90,26639.748
91,85707.388
92,452.571
93,5211.71
94,21356.58
95,1681.658
96,7293.537
97,21175.551
98,32289.738
99,18879.35
100,12895.886
101,25629.801
102,61011.312
103,20770.62
104,18364.848
105,12600.525
106,29669.591
107,15720.881
108,8417.818
109,8517.86
110,23619.433
111,7736.58
112,5511.836
113,465.836
114,176.605
115,154.926
116,166.295
117,218.113
118,5840.545
119,126.109
120,252.747
121,6979.119
122,225.78
123,398.155
124,414.018
125,3768.248
126,14563.253
127,394.19
128,150.167
129,192.733
130,157.306
131,311.968
132,228.159
133,123.73
134,475.883
135,789.172
136,366.959
137,406.351
138,283.679
139,288.702
140,490.424
141,219.699
142,14696.643
143,10871.227
144,425.915
145,216.527
146,12576.706
147,816.139
148,335.762
149,636.361
150,181.364
151,702.72
152,347.923
153,482.492
154,536.161
155,285.53
156,666.236
157,674.96
158,0
159,333.382
160,774.367
161,227.631
162,423.8
163,297.691
164,235.562
165,278.391
166,348.188
167,244.815
168,634.775
169,725.986
170,377.798
171,251.689
172,9594.502
173,743.963
174,1107.485
175,8598.846
176,164.18
177,700.076
178,465.836
179,440.192
180,9746.947
181,10976.034
182,351.625
183,427.237
184,327.037
185,370.66
186,434.375
187,718.319
188,486.722
189,498.619
190,412.167
191,334.175
192,311.703
193,6640.881
194,4373.263
195,256.977
196,238.999
197,438.341
198,2663.022
199,184.272
200,265.437
201,200.664
202,363.786
203,415.34
204,474.032
205,246.666
206,7241.133
207,146.202
208,5783.379
209,193.526
210,388.902
211,5449.906
212,20494.313
213,88.567
214,4773.431
215,173.962
216,646.936
217,272.046
218,330.21
219,293.99
220,437.019
221,3601.511
222,5821.49
223,137.477
224,7627.01
225,169.467
226,138.006
227,5973.935
228,113.947
229,130.075
230,240.056
231,174.49
232,287.909
233,1429.171
234,4382.791
235,6617.062
236,217.849
237,226.573
238,369.867
239,206.48
240,6088.269
241,294.519
242,334.175
243,182.686
244,261.471
245,149.639
246,379.649
247,141.443
248,329.945
249,298.22
250,197.756
251,223.665
252,501.792
253,289.231
254,171.847
255,158.099
256,5850.073
257,308.795
258,304.565
259,7836.621
260,10142.351
261,302.45
262,311.703
263,359.292
264,145.937
265,97.027
266,127.431
267,130.868
268,304.829
269,295.576
270,223.929
271,250.896
272,0
273,0
274,367.223
275,122.672
276,150.696
277,90.153
278,145.673
279,161.8
280,92.797
281,161.271
282,235.562
283,138.006
284,184.537
285,143.294
286,146.731
287,102.05
288,144.087
289,322.014
290,119.499
291,148.581
292,216.527
293,121.879
294,169.203
295,136.42
296,159.685
297,311.703
298,181.893
299,253.54
300,244.815
301,208.331
302,6088.269
303,4020.735
304,195.641
305,212.297
306,134.04
307,117.649
308,143.029
309,230.539
310,120.557
311,270.196
312,305.887
313,4606.694
314,6726.631
315,107.867
316,146.995
317,238.735
318,132.983
319,163.651
320,108.66
321,179.778
322,337.348
323,200.135
324,224.458
325,249.838
326,224.722
327,174.755
328,145.673
329,205.158
330,182.686
331,144.88
332,290.024
333,138.27
334,238.206
335,170.26
336,191.146
337,149.639
338,398.684
339,215.998
340,189.824
341,186.916
342,249.838
343,244.815
344,176.605
345,108.924
346,165.237
347,98.349
348,123.73
349,206.48
350,160.478
351,123.201
352,131.661
353,181.629
354,114.212
355,159.949
356,80.9
357,89.625
358,46.002
359,96.498
360,3134.649
361,117.384
362,98.613
363,95.177
364,95.177
365,16.656
366,135.362
367,160.743
368,107.338
369,142.236
370,82.222
371,172.375
372,208.331
373,2824.995
374,19541.532
375,3649.151
376,5783.379
377,8374.942
378,2229.507
379,11404.785
380,32666.086
381,3572.927
382,144.351
383,19136.6
384,3692.025
385,218.642
386,294.783
387,150.696
388,0
389,312.232
390,10309.087
391,416.662
392,7588.898
393,12595.761
394,15030.115
395,20522.896
396,552.288
397,171.847
398,337.612
399,40745.667
400,453.411
401,389.166
402,7808.038
403,504.7
404,354.533
405,585.336
406,627.372
407,234.24
408,364.315
409,2948.856
410,11338.09
411,318.048
412,422.214
413,260.678
414,380.706
415,380.177
416,345.808
417,149.374
418,403.443
419,423.007
420,1257.652
421,4830.598
422,315.933
423,457.641
424,645.879
425,388.638
426,292.932
427,330.21
428,343.429
429,3763.484
430,377.005
431,296.369
432,598.29
433,414.547
434,465.572
435,635.568
436,277.334
437,300.071
438,291.082
439,568.416
440,14734.754
441,299.806
442,256.712
443,5321.28
444,348.188
445,13019.749
446,442.835
447,8870.388
448,298.22
449,360.613
450,364.315
451,309.853
452,271.782
453,361.671
454,334.969
455,240.85
456,276.541
457,228.424
458,635.832
459,381.499
460,396.305
461,267.023
462,293.99
463,619.176
464,631.073
465,397.362
466,312.496
467,354.268
468,360.878
469,0
470,7660.356
471,17831.291
472,10756.894
473,360.085
474,543.3
475,422.478
476,3425.247
477,343.429
478,6845.729
479,6026.338
480,4478.07
481,197.227
482,4339.916
483,4430.43
484,10042.308
485,436.226
486,397.891
487,377.798
488,343.429
489,407.937
490,204.365
491,355.326
492,367.487
493,331.267
494,543.828
495,541.449
496,518.977
497,258.563
498,427.766
499,317.784
500,264.908
501,154.133
502,312.496
503,231.068
504,102.05
505,252.747
506,280.506
507,314.611
508,349.509
509,173.962
510,115.269
511,148.846
512,100.464
513,85.923
514,522.149
515,315.405
516,202.779
517,228.952
518,340.785
519,301.921
520,262.529
521,209.917
522,346.073
523,208.067
524,172.904
525,150.432
526,331.267
527,228.952
528,141.443
529,228.159
530,362.993
531,4606.694
532,339.199
533,262.529
534,249.574
535,464.25
536,282.621
537,305.887
538,6983.883
539,229.746
540,235.562
541,121.35
542,219.435
543,154.133
544,243.758
545,4.494
546,377.798
547,344.222
548,103.372
549,267.552
550,456.583
551,766.7
552,407.673
553,241.378
554,378.591
555,516.068
556,178.985
557,325.98
558,251.16
559,10113.767
560,6002.518
561,351.096
562,246.666
563,221.021
564,320.428
565,371.982
566,186.916
567,553.875
568,212.561
569,498.355
570,412.167
571,564.185
572,108.66
573,223.136
574,194.848
575,286.058
576,406.615
577,472.975
578,315.669
579,11581.05
580,16973.788
581,649.051
582,264.644
583,617.854
584,273.368
585,275.748
586,13677.167
587,532.724
588,585.336
589,434.375
590,449.445
591,432.26
592,285.53
593,658.833
594,453.939
595,509.459
596,140.914
597,311.703
598,369.602
599,177.399
600,294.783
601,205.423
602,289.495
603,303.772
604,178.456
605,334.704
606,158.099
607,205.951
608,2920.273
609,196.434
610,222.872
611,219.435
612,8474.984
613,89.625
614,274.954
615,311.439
616,11914.522
617,3344.26
618,263.322
619,0
620,3801.595
621,793.138
622,30612.844
623,5111.669
624,16778.468
625,4192.235
626,3773.012
627,13300.818
628,8589.318
629,16130.577
630,12691.039
631,5726.212
632,12086.023
633,17740.777
634,9218.153
635,324.922
636,509.988
637,3591.983
638,277.334
639,542.242
640,9618.321
641,794.46
642,546.472
643,826.45
644,14320.294
645,17069.067
646,333.647
647,431.467
648,4392.319
649,5597.586
650,1748.353
651,6731.396
652,14877.671
653,14167.849
654,2667.786
655,14610.892
656,19913.117
657,6002.518
658,18979.391
659,34833.662
660,29488.562
661,13624.764
662,7350.704
663,18317.209
664,12438.552
665,6983.883
666,10780.714
667,6045.394
668,7364.995
669,3787.303
670,8775.11
671,20846.842
672,17778.888
673,10904.575
674,453.411
675,216.527
676,2324.785
677,21918.72
678,18474.418
679,6469.381
680,19565.352
681,8608.373
682,399.742
683,11133.242
684,3858.762
685,3601.511
686,10032.78
687,3520.525
688,6436.033
689,360.613
690,247.195
691,337.348
692,7303.065
693,439.134
694,344.751
695,146.202
696,6112.088
697,4668.626
698,3449.066
699,6888.605
700,205.687
701,252.218
702,131.397
703,358.498
704,209.388
705,569.737
706,5454.669
707,494.918
708,416.662
709,362.993
710,338.141
711,177.134
712,413.754
713,217.849
714,414.547
715,396.569
716,869.808
717,446.537
718,378.856
719,212.825
720,20603.883
721,8703.651
722,578.991
723,276.012
724,423.271
725,651.431
726,4263.694
727,246.666
728,2515.341
729,575.554
730,9318.195
731,436.755
732,176.077
733,293.461
734,240.585
735,612.831
736,305.358
737,10375.782
738,8446.401
739,77.728
740,139.064
741,182.157
742,513.953
743,3372.844
744,2658.258
745,9194.333
746,246.93
747,1583.897
748,16378.3
749,1340.139
750,336.026
751,1644.439
752,10818.825
753,24724.66
754,13196.012
755,509.988
756,2699.577
757,1470.742
758,2791.581
759,15168.269
760,59324.891
761,12948.29
762,60430.116
763,7941.427
764,23557.503
765,24729.423
766,1062.805
767,950.708
768,135.627
769,3209.301
770,171.318
771,338.141
772,326.508
773,340.785
774,153.076
775,244.815
776,190.617
777,112.361
778,174.755
779,162.065
780,92.268
781,90.682
782,130.075
783,8255.845
784,2891.689
785,130.603
786,198.813
787,103.901
788,140.121
789,215.469
790,172.111
791,147.259
792,167.088
793,109.982
794,118.442
795,117.913
796,246.402
797,153.076
798,169.996
799,4.23
800,174.755
801,221.021
802,119.235
803,75.348
804,286.058
805,185.594
806,207.802
807,105.487
808,165.237
809,227.895
810,99.407
811,216.791
812,157.306
813,295.84
814,246.93
815,95.441
816,227.631
817,5202.182
818,291.875
819,5716.684
820,355.855
821,9070.472
822,314.083
823,4616.222
824,6802.854
825,8308.247
826,6183.547
827,208.86
828,359.027
829,148.581
830,302.714
831,202.779
832,305.623
833,478.527
834,246.93
835,156.248
836,252.218
837,218.377
838,383.086
839,185.066
840,418.248
841,184.272
842,81.693
843,260.678
844,151.754
845,448.123
846,288.967
847,231.332
848,175.283
849,113.683
850,115.269
851,174.226
852,198.549
853,263.851
854,291.61
855,154.662
856,200.664
857,190.617
858,184.801
859,277.863
860,238.999
861,269.667
862,126.638
863,0
864,19317.628
865,52.347
866,5068.793
867,32013.432
868,9827.933
869,10332.906
870,6169.255
871,27725.918
872,7222.078
873,6612.298
874,7041.05
875,8436.873
876,6783.798
877,15392.172
878,13739.098
879,23157.335
880,47367.493
881,91023.904
882,95563.904
883,77308.626
884,50954.712
885,77951.753
886,11652.508
887,79433.327
888,32627.975
889,41164.89
890,42555.95
891,23743.295
892,31794.292
893,15916.201
894,12967.345
895,37792.046
896,27511.542
897,77427.723
898,70.854
899,49.175
900,83.544
901,61.336
902,64.244
903,76.934
904,147.259
905,306.151
906,237.677
907,242.436
908,328.624
909,189.824
910,465.572
911,108.66
912,84.866
913,677.869
914,223.136
915,2801.175
916,490.952
917,3258.51
918,335.497
919,221.814
920,7288.772
921,464.779
922,300.335
923,215.469
924,398.155
925,8.725
926,479.848
927,161.536
928,6717.104
929,329.417
930,1410.116
931,228.424
932,54.727
933,144.615
934,155.191
935,6402.686
936,7122.035
937,213.09
938,212.032
939,239.263
940,357.176
941,201.986
942,240.85
943,303.243
944,198.02
945,329.152
946,276.012
947,232.654
948,187.974
949,101.522
950,171.053
951,90.418
952,327.83
953,195.905
954,214.94
955,315.14
956,387.051
957,419.834
958,8355.886
959,28545.31
960,42736.978
961,3892.109
962,14701.406
963,1565.126
964,848.922
965,287.116
966,12243.232
967,601.992
968,580.048
969,4644.806
970,6340.755
971,201.193
972,51.29
973,3944.512
974,249.045
975,503.378
976,3825.414
977,10742.603
978,339.199
979,386.258
980,233.447
981,71.382
982,9570.682
983,6726.631
984,278.127
985,331.003
986,223.665
987,123.994
988,164.708
989,164.18
990,208.86
991,174.226
992,25777.482
993,6073.977
994,8751.29
995,7631.773
996,57876.664
997,7245.897
998,14167.849
999,6602.77
1000,407.144
1001,351.096
1002,660.948
1003,282.621
1004,4749.611
1005,1977.02
1006,313.554
1007,115.269
1008,48.91
1009,135.627
1010,100.2
1011,93.326
1012,42.829
1013,88.831
1014,291.346
1015,98.349
1016,164.973
1017,169.996
1018,56.048
1019,59.221
1020,88.567
1021,74.291
1022,36.749
1023,66.888
1024,248.252
1025,110.246
1026,193.261
1027,138.535
1028,61.865
1029,75.877
1030,50.496
1031,83.808
1032,89.36
1033,96.498
1034,81.693
1035,45.473
1036,65.83
1037,69.003
1038,166.823
1039,185.33
1040,406.88
1041,83.015
1042,84.337
1043,81.429
1044,81.958
1045,76.406
1046,100.993
1047,50.232
1048,36.749
1049,34.105
1050,75.084
1051,53.405
1052,25.645
1053,34.634
1054,233.447
1055,432.525
1056,386.258
1057,192.733
1058,251.425
1059,174.755
1060,233.447
1061,188.767
1062,240.585
1063,0
1064,12662.456
1065,166.823
1066,128.488
1067,199.606
1068,236.619
1069,127.431
1070,118.442
1071,3139.412
1072,3668.206
1073,189.296
1074,324.658
1075,199.078
1076,314.347
1077,97.556
1078,266.494
1079,113.947
1080,155.719
1081,356.119
1082,317.255
1083,6531.312
1084,331.532
1085,14891.962
1086,373.568
1087,227.631
1088,170.26
1089,145.144
1090,27573.473
1091,8055.76
1092,263.851
1093,289.495
1094,144.351
1095,243.758
1096,139.592
1097,19546.296
1098,10966.506
1099,36925.016
1100,43570.662
1101,445.479
1102,187.974
1103,249.574
1104,148.052
1105,162.065
1106,90.418
1107,87.245
1108,112.89
1109,151.754
1110,11176.118
1111,5078.321
1112,130.868
1113,191.939
1114,185.066
1115,9770.767
1116,205.423
1117,136.948
1118,171.318
1119,196.698
1120,130.868
1121,309.853
1122,57.899
1123,91.211
1124,73.762
1125,104.43
1126,60.807
1127,159.685
1128,62.658
1129,120.821
1130,69.532
1131,56.048
1132,97.027
1133,180.307
1134,208.331
1135,308.002
1136,10580.63
1137,285.001
1138,342.107
1139,14629.948
1140,61.072
1141,294.254
1142,10647.325
1143,157.306
1144,83.544
1145,77.728
1146,56.577
1147,171.318
1148,117.12
1149,171.582
1150,150.961
1151,163.386
1152,69.003
1153,302.979
1154,141.707
1155,130.603
1156,146.731
1157,84.601
1158,69.796
1159,109.189
1160,34.105
1161,187.181
1162,422.743
1163,107.338
1164,142.765
1165,60.278
1166,55.784
1167,33.047
1168,208.067
1169,267.287
1170,114.741
1171,133.247
1172,50.232
1173,48.117
1174,56.313
1175,54.727
1176,57.106
1177,31.726
1178,21.15
1179,65.302
1180,64.509
1181,56.577
1182,55.784
1183,88.567
1184,117.12
1185,68.21
1186,94.383
1187,90.946
1188,216.791
1189,189.296
1190,102.05
1191,345.015
1192,488.573
1193,77.992
1194,299.806
1195,20.622
1196,110.775
1197,196.169
1198,70.061
1199,64.773
1200,63.715
1201,38.071
1202,75.348
1203,122.936
1204,1772.172
1205,50.232
1206,53.669
1207,23.001
1208,26.174
1209,79.578
1210,60.014
1211,149.639
1212,106.809
1213,1329.129
1214,1977.02
1215,235.562
1216,5750.032
1217,111.304
1218,219.964
1219,95.705
1220,84.337
1221,109.982
1222,23.53
1223,3.701
1224,51.818
1225,181.629
1226,121.879
1227,193.526
1228,329.681
1229,60.278
1230,33.841
1231,180.307
1232,107.074
1233,41.508
1234,199.342
1235,66.888
1236,120.028
1237,75.877
1238,139.592
1239,223.401
1240,196.169
1241,245.873
1242,106.28
1243,137.742
1244,40.186
1245,0
1246,6478.909
1247,9122.875
1248,2053.242
1249,89.625
1250,83.808
1251,26.174
1252,287.116
1253,88.303
1254,144.087
1255,33.047
1256,127.431
1257,7350.704
1258,396.04
1259,46.795
1260,189.296
1261,142.236
1262,265.966
1263,241.643
1264,106.016
1265,100.729
1266,99.935
1267,249.045
1268,161.271
1269,103.637
1270,57.899
1271,66.359
1272,110.511
1273,60.543
1274,27.495
1275,73.762
1276,127.96
1277,40.714
1278,28.024
1279,83.808
1280,108.131
1281,28.553
1282,25.909
1283,11.368
1284,10.046
1285,227.631
1286,146.466
1287,289.231
1288,407.673
1289,77.728
1290,171.053
1291,174.49
1292,126.109
1293,194.583
1294,20470.494
1295,20008.395
1296,6860.021
1297,333.118
1298,3825.414
1299,268.345
1300,5392.739
1301,2424.826
1302,95.177
1303,132.983
1304,125.051
1305,91.74
1306,236.355
1307,107.602
1308,190.353
1309,134.305
1310,89.36
1311,266.759
1312,71.118
1313,92.797
1314,113.683
1315,175.548
1316,159.949
1317,4435.194
1318,2663.022
1319,2739.245
1320,4459.014
1321,116.327
1322,148.581
1323,234.769
1324,112.89
1325,150.167
1326,190.617
1327,106.016
1328,92.268
1329,111.039
1330,172.375
1331,89.096
1332,116.063
1333,1319.601
1334,195.376
1335,61.336
1336,145.673
1337,94.383
1338,67.417
1339,72.704
1340,68.21
1341,49.703
1342,75.348
1343,70.589
1344,66.888
1345,127.695
1346,123.994
1347,5649.99
1348,180.835
1349,120.821
1350,174.755
1351,182.157
1352,1605.435
1353,225.516
1354,131.132
1355,238.999
1356,123.201
1357,137.213
1358,300.335
1359,63.715
1360,69.532
1361,51.554
1362,262.793
1363,219.964
1364,86.452
1365,3248.982
1366,529.023
1367,135.098
1368,10175.698
1369,867.03
1370,3358.552
1371,113.154
1372,92.797
1373,214.676
1374,20.357
1375,1957.964
1376,5030.682
1377,1086.17
1378,2334.313
1379,2324.785
1380,4373.263
1381,1224.323
1382,8.725
1383,58.163
1384,106.809
1385,76.141
1386,64.244
1387,19.828
1388,1667.366
1389,58.957
1390,0
1391,216.262
1392,56.313
1393,130.603
1394,127.695
1395,109.189
1396,85.923
1397,77.728
1398,204.848
1399,183.744
1400,103.901
1401,265.437
1402,385.465
1403,1.586
1404,70.325
1405,129.017
1406,104.694
1407,318.313
1408,291.875
1409,48.117
1410,76.934
1411,128.488
1412,369.074
1413,123.994
1414,94.648
1415,454.997
1416,310.646
1417,74.555
1418,115.269
1419,116.327
1420,5821.49
1421,62.658
1422,164.18
1423,68.21
1424,180.042
1425,38.335
1426,70.061
1427,55.784
1428,77.992
1429,202.25
1430,101.522
1431,289.495
1432,154.133
1433,164.708
1434,144.351
1435,43.623
1436,60.014
1437,319.182
1438,139.857
1439,79.314
1440,52.611
1441,60.807
1442,211.768
1443,35.691
1444,154.926
1445,5969.171
1446,88.303
1447,28.553
1448,1681.658
1449,182.157
1450,74.819
1451,952.781
1452,40.714
1453,2848.815
1454,3010.787
1455,2443.883
1456,2129.465
1457,4554.292
1458,2448.646
1459,4459.014
1460,1048.058
1461,1915.089
1462,112.89
1463,148.052
1464,89.889
1465,95.705
1466,112.361
1467,119.499
1468,76.934
1469,141.179
1470,102.315
1471,2158.048
1472,58.163
1473,60.543
1474,16.92
1475,3606.275
1476,986.128
1477,27.495
1478,43.623
1479,50.232
1480,50.496
1481,35.691
1482,70.589
1483,53.14
1484,70.854
1485,45.473
1486,85.923
1487,47.588
1488,18.242
1489,24753.243
1490,4940.168
1491,6555.131
1492,4015.97
1493,2601.091
1494,12176.537
1495,3034.606
1496,118.706
1497,325.715
1498,141.972
1499,180.042
1500,114.476
1501,30.668
1502,68.739
1503,92.797
1504,56.313
1505,3992.151
1506,2210.451
1507,107.074
1508,87.245
1509,25.909
1510,41.772
1511,74.291
1512,19.3
1513,58.692
1514,3225.162
1515,4325.624
1516,157.57
1517,1257.671
1518,155.719
1519,4811.543
1520,66.359
1521,56.842
1522,79.578
1523,153.076
1524,57.899
1525,54.198
1526,163.122
1527,31.99
1528,114.212
1529,1686.422
1530,61.6
1531,538.321
1532,32.519
1533,251.689
1534,42.036
1535,204.365
1536,305.623
1537,183.744
1538,143.558
1539,212.032
1540,290.553
1541,64.244
1542,74.026
1543,134.305
1544,108.66
1545,72.969
1546,67.417
1547,59.75
1548,109.189
1549,71.911
1550,214.147
1551,122.672
1552,85.923
1553,68.474
1554,67.417
1555,67.681
1556,80.371
1557,167.088
1558,98.085
1559,110.511
1560,68.739
1561,79.578
1562,45.738
1563,68.474
1564,130.868
1565,156.513
1566,67.681
1567,173.962
1568,141.972
1569,174.226
1570,101.786
1571,233.447
1572,138.006
1573,140.121
1574,142.236
1575,112.89
1576,104.43
1577,1462.518
1578,74.555
1579,78.785
1580,111.039
1581,136.948
1582,125.845
1583,206.216
1584,229.481
1585,280.506
1586,276.276
1587,249.838
1588,282.621
1589,301.392
1590,179.249
1591,131.925
1592,90.682
1593,56.842
1594,5297.461
1595,203.572
1596,7.403
1597,4749.611
1598,6393.159
1599,549.38
1600,423.8
1601,14448.919
1602,6960.063
1603,514.747
1604,495.711
1605,257.77
1606,168.145
1607,203.308
1608,157.306
1609,84.866
1610,211.503
1611,357.705
1612,201.193
1613,250.632
1614,272.311
1615,218.113
1616,311.174
1617,1405.351
1618,63.715
1619,297.691
1620,262.529
1621,280.771
1622,195.376
1623,5354.628
1624,145.409
1625,132.983
1626,4044.554
1627,4092.194
1628,388.109
1629,199.606
1630,179.249
1631,210.975
1632,269.403
1633,397.627
1634,98.878
1635,177.399
1636,161.007
1637,90.682
1638,133.776
1639,187.974
1640,145.144
1641,127.166
1642,72.704
1643,10742.603
1644,4611.459
1645,4173.179
1646,13843.903
1647,14615.656
1648,8184.386
1649,1672.131
1650,2210.451
1651,3830.179
1652,11871.648
1653,3706.317
1654,233.183
1655,117.384
1656,5931.06
1657,219.964
1658,173.697
1659,0
1660,5011.626
1661,504.436
1662,262.529
1663,4711.5
1664,256.977
1665,12686.275
1666,267.023
1667,313.554
1668,572.117
1669,13276.999
1670,734.181
1671,530.345
1672,236.619
1673,103.108
1674,534.575
1675,378.591
1676,354.533
1677,402.121
1678,121.614
1679,87.51
1680,110.511
1681,143.558
1682,159.685
1683,114.476
1684,147.524
1685,347.923
1686,209.653
1687,224.458
1688,481.435
1689,121.086
1690,120.028
1691,244.551
1692,180.307
1693,145.673
1694,216.791
1695,271.518
1696,201.986
1697,95.177
1698,0
1699,4096.957
1700,3020.315
1701,11662.035
1702,5473.725
1703,5116.432
1704,305.094
1705,267.816
1706,4897.293
1707,53.14
1708,3101.301
1709,70.854
1710,70.589
1711,79.049
1712,43.094
1713,196.169
1714,194.054
1715,130.868
1716,171.318
1717,120.028
1718,213.883
1719,194.054
1720,100.2
1721,159.949
1722,232.654
1723,130.339
1724,155.191
1725,121.086
1726,90.153
1727,116.591
1728,158.363
1729,156.513
1730,258.034
1731,109.982
1732,161.007
1733,163.651
1734,141.443
1735,177.399
1736,138.006
1737,128.224
1738,187.181
1739,195.641
1740,83.015
1741,107.074
1742,132.454
1743,110.511
1744,0
1745,146.731
1746,134.569
1747,249.838
1748,186.387
1749,132.19
1750,314.611
1751,279.449
1752,282.621
1753,119.499
1754,222.872
1755,160.478
1756,229.746
1757,8817.985
1758,3225.162
1759,334.704
1760,206.216
1761,154.662
1762,4997.335
1763,81.429
1764,135.098
1765,72.704
1766,157.306
1767,135.098
1768,246.137
1769,292.404
1770,114.741
1771,34.634
1772,183.215
1773,343.958
1774,310.381
1775,188.502
1776,71.459
1777,264.908
1778,258.827
1779,195.376
1780,438.87
1781,390.224
1782,170.525
1783,277.598
1784,82.486
1785,272.575
1786,250.632
1787,306.416
1788,155.984
1789,371.982
1790,1191.558
1791,885.671
1792,604.371
1793,697.961
1794,708.008
1795,618.119
1796,910.522
1797,284.472
1798,251.425
1799,211.768
1800,142.765
1801,135.362
1802,216.791
1803,215.998
1804,3606.275
1805,161.271
1806,6783.798
1807,123.465
1808,4663.861
1809,246.93
1810,13443.736
1811,4030.262
1812,74.819
1813,1333.893
1814,62.129
1815,2200.924
1816,3129.884
1817,2567.744
1818,157.57
1819,200.4
1820,97.292
1821,202.515
1822,182.157
1823,115.005
1824,112.89
1825,266.23
1826,240.056
1827,112.89
1828,154.926
1829,310.117
1830,251.425
1831,296.105
1832,293.461
1833,354.004
1834,393.661
1835,12057.439
1836,9523.043
1837,5792.907
1838,10828.353
1839,878.797
1840,490.424
1841,210.182
1842,309.853
1843,268.609
1844,181.893
1845,259.092
1846,132.19
1847,118.706
1848,92.797
1849,289.76
1850,153.076
1851,183.215
1852,219.699
1853,233.447
1854,100.464
1855,738.405
1856,115.005
1857,154.662
1858,184.272
1859,326.508
1860,96.234
1861,266.759
1862,82.751
1863,358.498
1864,143.294
1865,216.262
1866,95.177
1867,376.212
1868,103.372
1869,296.369
1870,180.307
1871,239.792
1872,532.724
1873,207.802
1874,282.621
1875,486.458
1876,40.714
1877,95.97
1878,108.66
1879,235.033
1880,183.479
1881,246.402
1882,204.63
1883,202.25
1884,195.376
1885,206.745
1886,397.362
1887,153.34
1888,164.18
1889,104.165
1890,92.797
1891,273.104
1892,172.375
1893,266.494
1894,255.39
1895,81.429
1896,96.234
1897,80.9
1898,62.922
1899,118.706
1900,115.798
1901,100.993
1902,99.407
1903,1734.061
1904,208.86
1905,234.504
1906,111.832
1907,77.463
1908,207.009
1909,193.79
1910,176.077
1911,253.275
1912,182.157
1913,173.168
1914,2386.715
1915,2691.606
1916,54.727
1917,135.891
1918,207.538
1919,222.079
1920,204.894
1921,214.412
1922,294.519
1923,403.972
1924,191.939
1925,157.834
1926,145.144
1927,198.284
1928,164.973
1929,148.846
1930,193.261
1931,266.759
1932,209.917
1933,308.795
1934,33.841
1935,47.588
1936,68.21
1937,84.866
1938,150.167
1939,206.745
1940,165.237
1941,68.474
1942,158.099
1943,89.096
1944,118.706
1945,132.983
1946,153.604
1947,129.281
1948,158.892
1949,102.844
1950,119.764
1951,101.786
1952,79.049
1953,186.387
1954,306.68
1955,297.427
1956,246.137
1957,205.951
1958,161.271
1959,205.951
1960,195.376
1961,150.696
1962,170.26
1963,221.814
1964,129.546
1965,152.018
1966,202.25
1967,117.913
1968,91.211
1969,159.949
1970,70.325
1971,68.21
1972,70.061
1973,123.994
1974,66.359
1975,115.005
1976,161.8
1977,83.544
1978,117.913
1979,70.589
1980,227.895
1981,27597.293
1982,19231.878
1983,5488.017
1984,3601.511
1985,247.988
1986,6416.978
1987,8341.595
1988,178.72
1989,220.228
1990,63.715
1991,118.178
1992,190.882
1993,157.57
1994,113.419
1995,145.937
1996,375.154
1997,199.078
1998,519.505
1999,262.529
2000,281.564
2001,287.909
2002,178.985
2003,158.363
2004,289.231
2005,179.778
2006,145.673
2007,223.929
2008,140.385
2009,143.558
2010,351.889
2011,144.88
2012,77.199
2013,290.024
2014,129.81
2015,281.035
2016,276.541
2017,203.836
2018,162.593
2019,251.16
2020,182.95
2021,202.25
2022,260.942
2023,160.478
2024,307.738
2025,3196.579
2026,3477.649
2027,205.951
2028,328.095
2029,6274.061
2030,7088.689
2031,207.538
2032,195.641
2033,121.35
2034,144.087
2035,237.148
2036,317.52
2037,103.637
2038,276.805
2039,281.3
2040,251.16
2041,68.21
2042,122.408
2043,365.901
2044,580.048
2045,378.856
2046,338.406
2047,263.851
2048,327.566
2049,193.526
2050,0
2051,299.013
2052,151.489
2053,266.494
2054,289.76
2055,479.055
2056,291.346
2057,369.602
2058,346.601
2059,9080
2060,509.723
2061,352.946
2062,176.077
2063,285.794
2064,207.273
2065,127.96
2066,228.952
2067,90.418
2068,252.218
2069,507.08
2070,420.628
2071,3.437
2072,503.378
2073,624.2
2074,376.476
2075,268.874
2076,274.69
2077,423.8
2078,415.869
2079,353.74
2080,259.356
2081,367.752
2082,187.974
2083,246.93
2084,217.849
2085,302.714
2086,161.536
2087,280.242
2088,83.808
2089,162.329
2090,213.09
2091,327.302
2092,131.661
2093,287.909
2094,140.65
2095,201.986
2096,3801.595
2097,290.289
2098,5149.78
2099,5554.712
2100,220.492
2101,181.629
2102,204.63
2103,182.157
2104,80.107
2105,5283.169
2106,186.916
2107,180.835
2108,106.809
2109,15111.102
2110,5364.156
2111,4487.598
2112,382.293
2113,169.203
2114,97.027
2115,142.5
2116,195.112
2117,167.616
2118,278.391
2119,198.549
2120,279.449
2121,130.075
2122,91.211
2123,66.624
2124,100.2
2125,66.095
2126,113.947
2127,155.984
2128,287.38
2129,91.475
2130,56.842
2131,51.025
2132,38.864
2133,65.83
2134,22.472
2135,79.314
2136,172.111
2137,94.648
2138,152.547
2139,98.349
2140,157.834
2141,129.281
2142,103.372
2143,508.666
2144,106.016
2145,104.959
2146,393.396
2147,251.425
2148,6412.214
2149,91.74
2150,99.935
2151,188.502
2152,84.337
2153,253.011
2154,167.881
2155,92.268
2156,116.327
2157,67.152
2158,87.51
2159,53.405
2160,96.234
2161,56.313
2162,169.732
2163,189.56
2164,172.111
2165,93.326
2166,98.349
2167,149.903
2168,436.755
2169,253.011
2170,169.203
2171,223.401
2172,9261.028
2173,362.2
2174,174.49
2175,219.964
2176,143.558
2177,389.96
2178,161.8
2179,413.225
2180,237.413
2181,121.086
2182,97.027
2183,237.148
2184,274.69
2185,189.824
2186,217.849
2187,160.214
2188,107.338
2189,111.039
2190,208.595
2191,126.109
2192,43.887
2193,82.486
2194,157.041
2195,59.221
2196,153.869
2197,106.016
2198,126.109
2199,112.89
2200,154.398
2201,67.152
2202,68.21
2203,83.808
2204,78.521
2205,76.141
2206,167.616
2207,71.647
2208,50.761
2209,86.716
2210,69.532
2211,219.435
2212,185.594
2213,100.2
2214,226.044
2215,107.338
2216,204.894
2217,73.497
2218,115.269
2219,64.509
2220,111.304
2221,94.119
2222,182.686
2223,212.825
2224,154.398
2225,141.179
2226,138.27
2227,298.22
2228,134.04
2229,277.07
2230,81.958
2231,188.767
2232,188.767
2233,117.649
2234,196.169
2235,180.307
2236,132.19
2237,99.935
2238,104.694
2239,189.824
2240,95.441
2241,84.337
2242,77.992
2243,162.065
2244,75.348
2245,136.948
2246,136.155
2247,91.475
2248,107.602
2249,153.076
2250,88.567
2251,96.234
2252,75.084
2253,84.073
2254,53.14
2255,68.21
2256,71.118
2257,76.406
2258,80.9
2259,53.405
2260,79.314
2261,115.005
2262,137.742
2263,53.933
2264,188.767
2265,35.956
2266,123.994
2267,62.658
2268,157.57
2269,136.42
2270,131.397
2271,129.281
2272,137.742
2273,398.42
2274,141.707
2275,176.605
2276,217.849
2277,110.511
2278,90.682
2279,160.743
2280,154.133
2281,122.936
2282,0
2283,15692.298
2284,205.423
2285,220.492
2286,3139.412
2287,316.726
2288,104.43
2289,8656.012
2290,80.107
2291,151.754
2292,194.583
2293,117.384
2294,153.604
2295,114.212
2296,194.848
2297,240.85
2298,111.304
2299,127.96
2300,129.281
2301,155.719
2302,174.755
2303,199.871
2304,117.12
2305,107.338
2306,120.293
2307,86.452
2308,103.637
2309,82.222
2310,157.834
2311,118.178
2312,122.408
2313,251.953
2314,224.458
2315,154.133
2316,104.43
2317,186.123
2318,73.497
2319,215.469
2320,143.029
2321,191.146
2322,119.235
2323,101.522
2324,157.57
2325,168.145
2326,140.385
2327,137.213
2328,82.222
2329,110.246
2330,83.808
2331,107.602
2332,110.775
2333,203.308
2334,126.638
2335,117.649
2336,292.668
2337,153.869
2338,163.122
2339,136.155
2340,65.83
2341,103.637
2342,66.624
2343,128.753
2344,146.466
2345,142.5
2346,250.367
2347,254.333
2348,142.765
2349,139.592
2350,173.433
2351,121.614
2352,127.96
2353,166.559
2354,207.538
2355,225.251
2356,127.695
2357,301.128
2358,209.388
2359,213.354
2360,173.697
2361,99.407
2362,101.522
2363,135.891
2364,63.187
2365,87.245
2366,188.767
2367,223.401
2368,111.039
2369,128.488
2370,71.647
2371,91.74
2372,75.877
2373,149.374
2374,97.556
2375,106.28
2376,114.212
2377,90.682
2378,55.784
2379,85.395
2380,111.568
2381,192.997
2382,190.882
2383,132.983
2384,143.294
2385,137.477
2386,133.247
2387,96.234
2388,176.077
2389,103.901
2390,118.971
2391,124.787
2392,93.326
2393,67.417
2394,75.877
2395,99.407
2396,148.581
2397,248.517
2398,185.33
2399,115.269
2400,127.166
2401,50.496
2402,112.097
2403,142.765
2404,63.187
2405,51.025
2406,77.992
2407,87.51
2408,39.128
2409,66.095
2410,1410.116
2411,70367.618
2412,10161.406
2413,4182.707
2414,57314.523
2415,12981.638
2416,8560.735
2417,16902.33
2418,130.603
2419,184.008
2420,75.084
2421,167.352
2422,185.594
2423,202.515
2424,195.112
2425,279.185
2426,210.975
2427,3749.192
2428,3934.984
2429,327.83
2430,2753.536
2431,420.099
2432,429.352
2433,10266.212
2434,13667.639
2435,7355.467
2436,5464.197
2437,11843.064
2438,14463.211
2439,1843.631
2440,7117.272
2441,100.464
2442,1819.811
2443,177.134
2444,271.782
2445,142.5
2446,141.443
2447,342.107
2448,93.59
2449,355.59
2450,226.573
2451,257.77
2452,207.273
2453,253.54
2454,244.551
2455,245.873
2456,278.127
2457,280.506
2458,178.72
2459,313.025
2460,257.77
2461,246.402
2462,217.055
2463,221.55
2464,203.836
2465,165.766
2466,182.157
2467,233.447
2468,323.336
2469,422.214
2470,625.786
2471,315.14
2472,245.344
2473,137.477
2474,130.603
2475,131.132
2476,397.098
2477,238.206
2478,192.997
2479,155.191
2480,161.536
2481,222.079
2482,266.759
2483,110.511
2484,140.121
2485,98.085
2486,147.524
2487,92.268
2488,231.596
2489,135.098
2490,84.601
2491,122.143
2492,79.049
2493,81.429
2494,216.791
2495,167.881
2496,6088.269
2497,136.948
2498,2210.451
2499,3892.109
2500,109.717
2501,234.769
2502,125.051
2503,90.153
2504,108.131
2505,104.959
2506,185.066
2507,130.075
2508,212.032
2509,123.73
2510,188.767
2511,117.384
2512,118.971
2513,154.662
2514,206.745
2515,126.109
2516,221.814
2517,106.28
2518,114.741
2519,87.245
2520,83.808
2521,195.376
2522,209.653
2523,189.56
2524,106.016
2525,157.57
2526,131.132
2527,132.983
2528,73.762
2529,88.303
2530,69.267
2531,136.42
2532,129.281
2533,97.556
2534,84.337
2535,74.026
2536,276.805
2537,235.298
2538,238.999
2539,140.914
2540,418.248
2541,220.228
2542,161.007
2543,127.695
2544,272.311
2545,149.374
2546,232.918
2547,190.353
2548,228.952
2549,137.477
2550,176.605
2551,199.606
2552,131.925
2553,206.48
2554,207.802
2555,427.766
2556,260.678
2557,267.023
2558,200.4
2559,259.356
2560,337.348
2561,168.938
2562,285.794
2563,256.712
2564,316.462
2565,466.63
2566,9623.085
2567,14225.016
2568,300.335
2569,195.376
2570,4916.348
2571,271.782
2572,401.592
2573,417.455
2574,235.826
2575,307.209
2576,351.889
2577,173.433
2578,250.103
2579,401.063
2580,271.782
2581,258.034
2582,306.416
2583,338.67
2584,253.011
2585,317.52
2586,224.722
2587,189.824
2588,182.95
2589,254.597
2590,188.767
2591,227.631
2592,200.4
2593,192.997
2594,268.874
2595,6569.423
2596,6750.451
2597,369.074
2598,241.907
2599,193.261
2600,234.504
2601,132.19
2602,116.063
2603,226.044
2604,205.687
2605,172.64
2606,311.703
2607,255.655
2608,104.43
2609,143.558
2610,192.997
2611,211.768
2612,9141.931
2613,9475.404
2614,6840.965
2615,4659.098
2616,2134.229
2617,217.849
2618,161.536
2619,182.95
2620,295.312
2621,207.273
2622,268.081
2623,159.421
2624,226.573
2625,107.074
2626,236.091
2627,190.882
2628,9885.1
2629,288.967
2630,2744.008
2631,87.51
2632,1986.548
2633,360.349
2634,132.454
2635,370.131
2636,152.811
2637,310.117
2638,151.489
2639,178.456
2640,150.696
2641,278.391
2642,109.717
2643,144.88
2644,263.057
2645,177.663
2646,167.616
2647,130.603
2648,119.235
2649,126.373
2650,74.555
2651,230.01
2652,458.963
2653,251.689
2654,496.24
2655,182.686
2656,276.805
2657,192.997
2658,320.692
2659,269.667
2660,347.394
2661,11218.992
2662,10018.489
2663,223.136
2664,88.831
2665,136.155
2666,221.021
2667,102.579
2668,262.264
2669,301.392
2670,313.025
2671,333.118
2672,224.987
2673,172.111
2674,204.894
2675,257.241
2676,139.328
2677,141.179
2678,255.655
2679,139.328
2680,158.363
2681,66.359
2682,134.569
2683,133.512
2684,126.373
2685,207.009
2686,221.021
2687,323.336
2688,144.615
2689,84.866
2690,92.533
2691,140.914
2692,125.845
2693,93.326
2694,93.062
2695,116.063
2696,77.199
2697,60.278
2698,88.038
2699,86.981
2700,99.407
2701,77.199
2702,68.739
2703,144.351
2704,171.318
2705,257.77
2706,193.261
2707,236.619
2708,212.297
2709,219.964
2710,157.041
2711,258.563
2712,336.555
2713,177.134
2714,322.278
2715,342.636
2716,492.274
2717,320.692
2718,271.518
2719,195.112
2720,176.605
2721,529.023
2722,484.343
2723,240.056
2724,501.528
2725,240.056
2726,89.625
2727,260.149
2728,99.935
2729,323.865
2730,107.867
2731,204.365
2732,743.699
2733,202.515
2734,367.487
2735,558.898
2736,931.408
2737,662.27
2738,500.206
2739,2920.273
2740,5230.766
2741,10371.018
2742,2782.119
2743,113.947
2744,226.309
2745,268.345
2746,531.402
2747,369.602
2748,173.168
2749,237.677
2750,2934.565
2751,110.246
2752,119.764
2753,112.89
2754,9456.348
2755,469.802
2756,590.095
2757,10337.671
2758,130.603
2759,207.802
2760,7307.828
2761,415.34
2762,117.384
2763,387.58
2764,5240.293
2765,317.784
2766,81.429
2767,4935.404
2768,103.901
2769,281.07
2770,239.792
2771,330.21
2772,190.089
2773,100.464
2774,368.809
2775,181.1
2776,294.783
2777,304.301
2778,217.584
2779,394.19
2780,501.263
2781,312.496
2782,107.338
2783,145.937
2784,141.972
2785,156.777
2786,275.483
2787,47.853
2788,269.138
2789,78.256
2790,276.012
2791,218.642
2792,362.464
2793,84.866
2794,83.808
2795,55.784
2796,60.014
2797,320.692
2798,291.082
2799,62.658
2800,72.704
2801,77.199
2802,102.844
2803,68.21
2804,162.065
2805,101.786
2806,110.775
2807,123.994
2808,201.986
2809,128.753
2810,2229.507
2811,135.627
2812,117.12
2813,145.144
2814,10761.658
2815,1457.755
2816,1915.089
2817,101.522
2818,74.819
2819,54.462
2820,43.094
2821,77.199
2822,81.429
2823,76.406
2824,103.108
2825,102.844
2826,68.21
2827,51.29
2828,73.497
2829,94.648
2830,63.715
2831,111.039
2832,55.52
2833,98.878
2834,628.835
2835,77.992
2836,44.944
2837,16964.26
2838,20179.895
2839,10709.255
2840,17869.402
2841,13581.889
2842,2124.701
2843,125.845
2844,220.492
2845,82.751
2846,94.383
2847,219.17
2848,86.716
2849,103.901
2850,700.293
2851,139.592
2852,143.029
2853,226.573
2854,165.766
2855,108.66
2856,130.339
2857,174.49
2858,82.222
2859,202.779
2860,142.5
2861,60.807
2862,144.087
2863,134.04
2864,324.393
2865,122.936
2866,250.896
2867,138.799
2868,219.435
2869,739.998
2870,258.563
2871,99.142
2872,253.275
2873,167.881
2874,144.615
2875,296.634
2876,2462.939
2877,353.74
2878,227.102
2879,1750.191
2880,112.89
2881,40250.22
2882,215.205
2883,127.166
2884,210.182
2885,141.179
2886,188.767
2887,110.775
2888,137.477
2889,76.934
2890,728.877
2891,157.306
2892,121.614
2893,130.603
2894,143.029
2895,107.338
2896,105.752
2897,2585.63
2898,2810.703
2899,54.462
2900,183.479
2901,169.203
2902,135.891
2903,112.89
2904,98.085
2905,33.576
2906,45.209
2907,93.59
2908,400.27
2909,100.729
2910,72.704
2911,42.301
2912,144.88
2913,5326.045
2914,6688.52
2915,86.188
2916,35.162
2917,72.704
2918,101.522
2919,50.232
2920,28.024
2921,41.772
2922,47.324
2923,29.346
2924,126.902
2925,45.473
2926,62.394
2927,46.795
2928,45.209
2929,163.386
2930,65.037
2931,68.21
2932,0
2933,280.771
2934,134.305
2935,76.934
2936,163.651
2937,136.684
2938,132.983
2939,36.484
2940,268.609
2941,213.09
2942,140.385
2943,67.417
2944,66.624
2945,183.215
2946,129.017
2947,26.174
2948,108.66
2949,190.353
2950,139.592
2951,224.722
2952,25.38
2953,126.109
2954,1900.798
2955,2853.578
2956,66.359
2957,2501.05
2958,250.632
2959,92.268
2960,116.063
2961,308.266
2962,594.853
2963,204.365
2964,96.498
2965,115.269
2966,226.309
2967,346.073
2968,93.855
2969,370.66
2970,174.49
2971,102.05
2972,94.912
2973,208.331
2974,89.889
2975,401.063
2976,258.563
2977,394.983
2978,222.343
2979,113.947
2980,143.558
2981,4697.209
2982,2734.48
2983,5445.141
2984,5545.184
2985,8389.234
2986,13434.208
2987,5573.767
2988,4921.113
2989,296.634
2990,162.065
2991,139.592
2992,90.153
2993,324.922
2994,553.082
2995,335.762
2996,268.874
2997,219.964
2998,313.025
2999,260.149
3000,76.141
3001,69.003
3002,266.23
3003,216.791
3004,102.05
3005,122.672
3006,155.455
3007,120.821
3008,166.03
3009,141.443
3010,331.267
3011,238.47
3012,108.396
3013,114.212
3014,200.4
3015,222.343
3016,123.465
3017,262.529
3018,117.649
3019,232.654
3020,237.148
3021,143.558
3022,29.082
3023,289.231
3024,86.716
3025,190.089
3026,115.798
3027,122.408
3028,258.034
3029,264.379
3030,140.121
3031,295.576
3032,61.072
3033,142.5
3034,158.892
3035,4706.737
3036,329.681
3037,307.209
3038,366.959
3039,220.492
3040,182.95
3041,136.684
3042,228.952
3043,186.916
3044,235.298
3045,6593.242
3046,15377.881
3047,6631.353
3048,12814.901
3049,215.205
3050,228.424
3051,407.673
3052,301.921
3053,258.034
3054,272.575
3055,86.716
3056,251.425
3057,323.865
3058,65.83
3059,3582.455
3060,142.5
3061,7079.161
3062,6678.992
3063,219.699
3064,157.57
3065,114.476
3066,425.915
3067,2877.398
3068,164.708
3069,143.029
3070,188.502
3071,237.941
3072,518.448
3073,300.335
3074,71.647
3075,213.618
3076,698.755
3077,518.977
3078,357.705
3079,612.567
3080,94.912
3081,311.703
3082,331.532
3083,51.29
3084,104.959
3085,260.414
3086,77.199
3087,309.324
3088,293.725
3089,228.159
3090,562.599
3091,143.294
3092,110.246
3093,95.97
3094,123.201
3095,151.754
3096,195.376
3097,47.324
3098,33.047
3099,380.706
3100,452.353
3101,51.554
3102,75.348
3103,112.361
3104,65.037
3105,42.301
3106,30.932
3107,30.932
3108,44.416
3109,39.921
3110,28.553
3111,23.001
3112,92.533
3113,15.07
3114,29.875
3115,79.843
3116,56.313
3117,30.139
3118,23.53
3119,14.541
3120,29.875
3121,2886.926
3122,4020.735
3123,3201.343
3124,1715.005
3125,9222.917
3126,5006.863
3127,3725.373
3128,5445.141
3129,928.962
3130,1300.546
3131,7855.677
3132,4997.335
3133,777.54
3134,709.33
3135,534.575
3136,211.503
3137,411.11
3138,474.825
3139,744.757
3140,156.248
3141,277.334
3142,346.073
3143,323.865
3144,125.845
3145,397.362
3146,272.046
3147,209.917
3148,249.838
3149,355.061
3150,6088.269
3151,7017.23
3152,324.129
3153,4096.957
3154,10099.475
3155,342.9
3156,214.147
3157,308.531
3158,185.066
3159,143.558
3160,319.106
3161,225.251
3162,3730.136
3163,246.666
3164,365.637
3165,6536.076
3166,205.687
3167,271.518
3168,8112.928
3169,8875.152
3170,15177.797
3171,193.526
3172,121.35
3173,295.84
3174,3258.51
3175,164.708
3176,196.963
3177,250.896
3178,201.986
3179,163.122
3180,195.905
3181,304.301
3182,4997.335
3183,287.116
3184,252.482
3185,132.983
3186,155.719
3187,163.915
3188,207.009
3189,192.733
3190,227.102
3191,240.056
3192,144.087
3193,233.711
3194,201.721
3195,237.941
3196,341.578
3197,276.541
3198,330.739
3199,198.02
3200,96.763
3201,132.454
3202,2629.674
3203,3877.818
3204,106.016
3205,219.435
3206,203.043
3207,7069.633
3208,6802.854
3209,325.451
3210,169.996
3211,281.828
3212,76.141
3213,115.798
3214,159.421
3215,204.63
3216,191.146
3217,281.035
3218,202.25
3219,368.28
3220,212.825
3221,280.242
3222,224.987
3223,342.636
3224,296.898
3225,263.057
3226,5173.599
3227,5407.03
3228,388.373
3229,118.178
3230,121.35
3231,205.423
3232,9589.737
3233,112.626
3234,344.751
3235,294.519
3236,123.73
3237,344.222
3238,167.088
3239,166.295
3240,101.522
3241,296.369
3242,217.584
3243,228.952
3244,206.216
3245,228.688
3246,215.469
3247,245.344
3248,7079.161
3249,5054.502
3250,5264.113
3251,401.857
3252,329.417
3253,366.694
3254,228.688
3255,108.131
3256,255.655
3257,192.204
3258,239.263
3259,210.446
3260,364.579
3261,279.449
3262,207.273
3263,282.621
3264,224.194
3265,350.831
3266,108.396
3267,95.705
3268,162.065
3269,225.78
3270,247.988
3271,123.201
3272,112.361
3273,235.298
3274,126.902
3275,136.155
3276,189.296
3277,238.206
3278,162.858
3279,66.359
3280,146.995
3281,208.067
3282,319.635
3283,204.365
3284,173.697
3285,258.299
3286,305.358
3287,17836.055
3288,13348.457
3289,245.344
3290,266.494
3291,148.581
3292,113.154
3293,89.096
3294,159.685
3295,196.434
3296,465.572
3297,419.57
3298,289.76
3299,191.939
3300,302.714
3301,553.346
3302,191.146
3303,4397.083
3304,274.426
3305,3820.651
3306,292.668
3307,128.488
3308,2143.757
3309,6574.187
3310,5349.864
3311,16564.093
3312,446.537
3313,9122.875
3314,266.759
3315,373.304
3316,433.053
3317,277.863
3318,186.123
3319,363.257
3320,507.08
3321,227.102
3322,258.563
3323,332.589
3324,168.938
3325,219.17
3326,186.387
3327,222.607
3328,181.893
3329,317.784
3330,476.676
3331,310.381
3332,362.993
3333,355.855
3334,397.098
3335,14629.948
3336,9904.156
3337,8422.581
3338,426.444
3339,50087.682
3340,16387.828
3341,1064.127
3342,1082.898
3343,605.957
3344,1899.83
3345,1790.906
3346,31227.387
3347,272.839
3348,267.552
3349,481.17
3350,404.765
3351,373.039
3352,322.543
3353,534.046
3354,303.243
3355,1146.084
3356,282.886
3357,48.646
3358,788.379
3359,212.297
3360,199.342
3361,452.882
3362,333.911
3363,206.216
3364,196.963
3365,745.021
3366,632.395
3367,94.383
3368,225.251
3369,66.359
3370,67.681
3371,175.812
3372,135.627
3373,128.488
3374,87.51
3375,123.73
3376,81.429
3377,41.243
3378,215.469
3379,290.553
3380,189.824
3381,337.612
3382,179.778
3383,227.102
3384,191.675
3385,112.89
3386,165.237
3387,120.557
3388,117.913
3389,64.244
3390,4544.764
3391,335.497
3392,244.022
3393,309.853
3394,198.813
3395,259.885
3396,249.31
3397,214.412
3398,187.974
3399,199.078
3400,166.03
3401,355.59
3402,141.972
3403,202.779
3404,289.495
3405,263.057
3406,196.169
3407,179.778
3408,141.707
3409,139.592
3410,224.987
3411,250.367
3412,279.185
3413,81.958
3414,106.545
3415,201.986
3416,200.4
3417,187.445
3418,226.309
3419,277.598
3420,216.262
3421,93.326
3422,115.798
3423,240.85
3424,119.235
3425,197.756
3426,157.57
3427,302.714
3428,6255.005
3429,7955.719
3430,158.099
3431,173.962
3432,115.269
3433,294.254
3434,149.903
3435,290.553
3436,209.653
3437,245.08
3438,349.509
3439,229.746
3440,311.968
3441,281.035
3442,1810.283
3443,3973.096
3444,7060.105
3445,88.831
3446,127.431
3447,175.548
3448,282.621
3449,106.545
3450,497.562
3451,144.351
3452,248.781
3453,3339.497
3454,3877.818
3455,121.614
3456,304.301
3457,131.925
3458,250.632
3459,76.141
3460,125.051
3461,4587.639
3462,257.77
3463,6093.033
3464,131.132
3465,506.551
3466,157.57
3467,418.248
3468,65.83
3469,193.526
3470,177.927
3471,136.684
3472,252.747
3473,294.519
3474,233.976
3475,255.655
3476,600.934
3477,212.825
3478,16344.953
3479,146.466
3480,404.765
3481,373.304
3482,173.168
3483,370.66
3484,179.249
3485,194.848
3486,221.814
3487,85.659
3488,149.903
3489,237.941
3490,49.968
3491,172.375
3492,177.399
3493,332.06
3494,17.185
3495,94.119
3496,373.039
3497,66.359
3498,95.177
3499,201.986
3500,411.11
3501,175.019
3502,171.847
3503,431.731
3504,368.809
3505,707.479
3506,320.428
3507,98.878
3508,199.078
3509,163.651
3510,317.255
3511,1109.071
3512,390.753
3513,465.308
3514,498.619
3515,539.598
3516,195.112
3517,284.737
3518,161.536
3519,349.509
3520,270.989
3521,483.814
3522,243.758
3523,300.335
3524,178.985
3525,150.696
3526,341.049
3527,250.896
3528,206.745
3529,284.737
3530,368.016
3531,225.251
3532,237.148
3533,153.076
3534,189.56
3535,281.035
3536,123.465
3537,98.878
3538,212.825
3539,493.861
3540,274.426
3541,729.423
3542,227.366
3543,165.237
3544,222.343
3545,355.855
3546,142.765
3547,103.372
3548,94.912
3549,107.602
3550,361.671
3551,238.735
3552,360.878
3553,442.835
3554,407.673
3555,524.529
3556,122.672
3557,148.846
3558,266.759
3559,308.531
3560,111.568
3561,164.18
3562,216.527
3563,293.725
3564,168.145
3565,162.065
3566,221.021
3567,131.925
3568,215.734
3569,110.511
3570,8684.596
3571,2124.701
3572,12147.954
3573,173.962
3574,192.468
3575,147.259
3576,230.803
3577,173.168
3578,100.993
3579,136.42
3580,110.775
3581,288.702
3582,19.035
3583,409.788
3584,42.565
3585,262.529
3586,324.393
3587,235.033
3588,215.734
3589,178.985
3590,173.168
3591,133.776
3592,133.247
3593,203.308
3594,217.584
3595,192.997
3596,128.488
3597,225.78
3598,241.907
3599,279.713
3600,499.148
3601,150.961
3602,173.433
3603,191.146
3604,173.168
3605,83.279
3606,185.066
3607,281.035
3608,394.454
3609,172.375
3610,282.357
3611,110.511
3612,360.349
3613,197.491
3614,141.972
3615,163.386
3616,59.485
3617,236.619
3618,115.798
3619,207.273
3620,264.644
3621,2291.437
3622,218.642
3623,157.57
3624,210.182
3625,198.02
3626,3963.568
3627,3163.232
3628,2953.621
3629,143.822
3630,192.468
3631,161.007
3632,171.582
3633,70.061
3634,83.544
3635,173.168
3636,168.145
3637,2629.674
3638,140.65
3639,49.175
3640,132.983
3641,186.652
3642,147.788
3643,144.351
3644,169.203
3645,135.627
3646,80.636
3647,130.868
3648,92.533
3649,120.821
3650,140.914
3651,224.458
3652,134.305
3653,111.304
3654,46.795
3655,116.591
3656,145.673
3657,173.168
3658,226.309
3659,107.338
3660,73.762
3661,70.061
3662,161.271
3663,42.565
3664,130.868
3665,77.728
3666,51.025
3667,220.757
3668,126.638
3669,72.44
3670,116.063
3671,110.511
3672,21.943
3673,221.814
3674,69.796
3675,152.811
3676,126.109
3677,221.021
3678,174.226
3679,302.186
3680,69.267
3681,95.705
3682,205.158
3683,231.332
3684,306.416
3685,319.37
3686,274.161
3687,312.761
3688,5025.918
3689,251.425
3690,301.128
3691,345.279
3692,465.572
3693,379.913
3694,240.056
3695,278.656
3696,458.169
3697,212.825
3698,202.25
3699,6502.729
3700,4487.598
3701,175.812
3702,273.633
3703,11304.743
3704,7717.524
3705,8055.76
3706,313.025
3707,179.249
3708,292.404
3709,297.427
3710,269.667
3711,249.045
3712,257.77
3713,240.056
3714,19532.004
3715,5807.199
3716,3668.206
3717,193.526
3718,3291.858
3719,262
3720,180.835
3721,174.226
3722,333.911
3723,155.984
3724,11590.577
3725,17888.458
3726,10837.881
3727,396.04
3728,244.022
3729,4001.679
3730,221.814
3731,242.436
3732,212.561
3733,269.667
3734,273.633
3735,255.126
3736,285.794
3737,403.972
3738,9989.906
3739,4830.598
3740,194.848
3741,123.73
3742,204.894
3743,164.18
3744,173.168
3745,272.575
3746,150.961
3747,365.637
3748,210.446
3749,197.756
3750,177.927
3751,210.182
3752,265.966
3753,192.733
3754,145.673
3755,178.456
3756,251.425
3757,224.194
3758,284.737
3759,173.962
3760,106.809
3761,161.8
3762,72.704
3763,97.82
3764,2153.285
3765,88.831
3766,61.336
3767,5411.795
3768,3777.775
3769,121.086
3770,141.443
3771,9084.764
3772,365.372
3773,133.776
3774,4077.901
3775,149.11
3776,195.641
3777,12776.789
3778,8565.499
3779,3034.606
3780,254.597
3781,321.221
3782,148.052
3783,247.723
3784,158.363
3785,272.311
3786,103.901
3787,146.202
3788,171.318
3789,385.994
3790,195.376
3791,147.259
3792,286.058
3793,4940.168
3794,186.652
3795,315.933
3796,143.294
3797,148.846
3798,148.581
3799,81.958
3800,359.82
3801,225.251
3802,294.254
3803,259.885
3804,326.244
3805,429.088
3806,130.075
3807,281.3
3808,219.699
3809,363.257
3810,361.671
3811,505.758
3812,269.667
3813,373.568
3814,299.806
3815,380.706
3816,228.952
3817,152.811
3818,224.458
3819,535.633
3820,286.852
3821,130.339
3822,153.604
3823,100.464
3824,120.293
3825,1074.966
3826,359.556
3827,244.286
3828,122.672
3829,117.384
3830,763.263
3831,183.744
3832,11423.84
3833,5083.085
3834,15711.353
3835,152.282
3836,2620.147
3837,144.351
3838,238.735
3839,160.478
3840,169.203
3841,265.701
3842,167.088
3843,192.468
3844,312.761
3845,309.324
3846,3139.412
3847,4144.596
3848,3353.788
3849,3906.401
3850,369.338
3851,76.67
3852,54.727
3853,193.261
3854,166.295
3855,293.725
3856,113.154
3857,173.168
3858,1919.853
3859,141.179
3860,177.134
3861,152.811
3862,113.947
3863,285.265
3864,128.753
3865,106.809
3866,111.304
3867,130.603
3868,2553.452
3869,120.557
3870,226.309
3871,300.335
3872,277.334
3873,186.123
3874,133.776
3875,217.849
3876,64.509
3877,236.884
3878,212.561
3879,259.62
3880,211.503
3881,164.708
3882,193.79
3883,269.667
3884,242.171
3885,536.426
3886,634.51
3887,460.813
3888,307.738
3889,1017.86
3890,360.085
3891,187.445
3892,415.604
3893,299.806
3894,405.822
3895,188.502
3896,197.756
3897,520.827
3898,546.208
3899,584.014
3900,307.473
3901,251.953
3902,287.38
3903,357.176
3904,488.044
3905,446.008
3906,600.67
3907,427.501
3908,253.54
3909,322.807
3910,380.971
3911,292.932
3912,314.083
3913,323.336
3914,397.362
3915,449.974
3916,401.063
3917,212.297
3918,115.269
3919,135.362
3920,526.644
3921,491.746
3922,2554.962
3923,4492.361
3924,449.709
3925,486.458
3926,368.545
3927,233.711
3928,347.13
3929,396.833
3930,333.647
3931,153.869
3932,390.488
3933,310.381
3934,324.129
3935,624.464
3936,489.102
3937,461.342
3938,406.615
3939,372.246
3940,531.402
3941,861.348
3942,392.603
3943,758.769
3944,598.29
3945,623.935
3946,483.55
3947,146.202
3948,120.821
3949,469.009
3950,129.017
3951,296.105
3952,246.402
3953,175.548
3954,302.714
3955,276.276
3956,133.776
3957,135.891
3958,152.811
3959,151.754
3960,154.398
3961,231.861
3962,387.051
3963,93.59
3964,203.043
3965,228.952
3966,142.236
3967,37.277
3968,107.602
3969,192.468
3970,132.718
3971,74.026
3972,213.09
3973,241.114
3974,143.822
3975,298.749
3976,174.49
3977,94.119
3978,194.319
3979,164.18
3980,85.923
3981,215.469
3982,10956.979
3983,8851.333
3984,11985.981
3985,7631.773
3986,292.139
3987,4863.946
3988,891.751
3989,886.993
3990,319.635
3991,454.732
3992,12924.47
3993,438.605
3994,15182.56
3995,293.461
3996,429.616
3997,358.498
3998,617.061
3999,714.353
4000,146.731
4001,185.066
4002,213.618
4003,130.339
4004,97.82
4005,133.776
4006,277.07
4007,246.93
4008,158.363
4009,309.059
4010,355.326
4011,325.98
4012,229.481
4013,250.103
4014,201.193
4015,216.262
4016,457.376
4017,218.906
4018,309.588
4019,353.475
4020,289.495
4021,449.709
4022,347.394
4023,386.787
4024,369.602
4025,459.227
4026,223.929
4027,147.524
4028,286.852
4029,407.144
4030,222.872
4031,168.674
4032,346.073
4033,338.406
4034,262.793
4035,518.448
4036,154.398
4037,324.922
4038,9280.084
4039,7736.58
4040,4373.263
4041,6874.313
4042,11252.34
4043,9303.904
4044,245.873
4045,480.642
4046,310.91
4047,244.286
4048,411.903
4049,177.134
4050,340.785
4051,298.22
4052,63.715
4053,271.518
4054,423.271
4055,196.434
4056,261.207
4057,338.934
4058,314.347
4059,370.131
4060,304.036
4061,241.643
4062,398.948
4063,211.239
4064,423.271
4065,571.059
4066,395.511
4067,218.113
4068,655.925
4069,571.324
4070,182.95
4071,173.433
4072,232.125
4073,410.317
4074,319.37
4075,466.365
4076,615.739
4077,431.731
4078,536.954
4079,474.825
4080,746.607
4081,352.946
4082,588.244
4083,538.805
4084,289.231
4085,645.086
4086,1018.918
4087,276.276
4088,219.964
4089,449.445
4090,263.057
4091,348.981
4092,617.854
4093,579.519
4094,457.376
4095,269.138
4096,335.762
4097,229.481
4098,252.482
4099,440.456
4100,309.324
4101,328.624
4102,355.326
4103,461.871
4104,467.951
4105,280.506
4106,253.54
4107,174.226
4108,172.111
4109,293.197
4110,510.516
4111,1123.348
4112,656.983
4113,215.469
4114,5540.419
4115,196.434
4116,362.2
4117,348.716
4118,296.634
4119,11619.161
4120,7936.663
4121,8722.707
4122,11028.436
4123,6426.505
4124,167.088
4125,291.082
4126,233.976
4127,125.316
4128,150.696
4129,89.889
4130,64.244
4131,71.382
4132,123.465
4133,72.44
4134,253.54
4135,166.823
4136,72.44
4137,36.749
4138,34.105
4139,48.381
4140,43.623
4141,116.591
4142,193.261
4143,116.591
4144,9241.972
4145,2844.05
4146,159.949
4147,249.045
4148,144.351
4149,194.319
4150,171.847
4151,1815.047
4152,220.757
4153,387.316
4154,302.186
4155,162.065
4156,155.719
4157,129.546
4158,3591.983
4159,1243.379
4160,358.498
4161,168.674
4162,200.135
4163,276.012
4164,119.235
4165,164.18
4166,160.743
4167,90.153
4168,59.485
4169,164.973
4170,88.567
4171,99.142
4172,178.985
4173,114.212
4174,213.354
4175,81.958
4176,238.735
4177,64.244
4178,32.519
4179,79.049
4180,88.303
4181,132.454
4182,65.83
4183,106.016
4184,64.773
4185,110.246
4186,86.981
4187,0
4188,157.57
4189,130.603
4190,159.685
4191,130.075
4192,96.234
4193,221.814
4194,118.706
4195,222.343
4196,79.314
4197,76.141
4198,83.279
4199,45.473
4200,131.661
4201,149.903
4202,124.523
4203,66.095
4204,263.057
4205,115.798
4206,130.868
4207,499.148
4208,165.766
4209,113.154
4210,88.831
4211,156.513
4212,83.279
4213,127.96
4214,45.473
4215,83.544
4216,85.923
4217,30022.12
4218,153.076
4219,10061.364
4220,8293.956
4221,3434.775
4222,157.041
4223,85.923
4224,152.018
4225,66.888
4226,117.384
4227,7469.8
4228,6483.673
4229,110.775
4230,82.486
4231,66.888
4232,259.62
4233,219.964
4234,371.189
4235,2629.674
4236,180.835
4237,260.942
4238,138.27
4239,71.382
4240,230.274
4241,191.146
4242,529.552
4243,59.485
4244,83.808
4245,253.011
4246,140.914
4247,279.713
4248,44.416
4249,63.715
4250,82.486
4251,36.749
4252,56.313
4253,173.168
4254,91.211
4255,66.624
4256,137.477
4257,86.981
4258,41.508
4259,49.175
4260,397.362
4261,402.121
4262,219.17
4263,199.871
4264,190.353
4265,6540.84
4266,171.582
4267,217.584
4268,64.773
4269,58.957
4270,132.19
4271,327.037
4272,89.889
4273,564.185
4274,233.183
4275,300.071
4276,211.503
4277,35.162
4278,58.692
4279,40.979
4280,37.013
4281,91.475
4282,45.473
4283,657.419
4284,94.648
4285,54.727
4286,3834.942
4287,3677.734
4288,121.086
4289,6850.493
4290,3692.025
4291,113.947
4292,3549.108
4293,119.499
4294,24.852
4295,18.507
4296,4530.472
4297,5988.227
4298,1510.157
4299,166.295
4300,6898.133
4301,103.901
4302,90.682
4303,1343.421
4304,42.829
4305,132.983
4306,94.912
4307,75.877
4308,97.292
4309,85.923
4310,71.647
4311,83.015
4312,99.142
4313,74.819
4314,129.017
4315,47.588
4316,126.638
4317,30.932
4318,66.624
4319,64.773
4320,45.209
4321,32.519
4322,26.174
4323,38.335
4324,20.886
4325,32.254
4326,94.912
4327,92.797
4328,106.28
4329,102.05
4330,25.116
4331,31.197
4332,31.726
4333,30.404
4334,28.289
4335,102.05
4336,123.994
4337,94.912
4338,77.199
4339,47.324
4340,33.047
4341,95.177
4342,77.992
4343,80.107
4344,176.605
4345,89.625
4346,189.824
4347,243.229
4348,230.274
4349,159.685
4350,77.199
4351,41.243
4352,77.463
4353,61.336
4354,63.98
4355,144.351
4356,88.038
4357,88.303
4358,93.326
4359,129.81
4360,194.848
4361,130.603
4362,45.738
4363,42.829
4364,41.508
4365,36.22
4366,40.186
4367,41.243
4368,97.027
4369,52.347
4370,38.335
4371,64.244
4372,161.536
4373,170.789
4374,279.185
4375,144.351
4376,181.364
4377,320.692
4378,121.086
4379,321.221
4380,265.966
4381,596.704
4382,153.604
4383,118.971
4384,182.422
4385,46.266
4386,78.521
4387,197.491
4388,104.694
4389,117.384
4390,151.489
4391,226.044
4392,236.091
4393,134.305
4394,83.808
4395,71.911
4396,62.129
4397,108.131
4398,84.073
4399,129.546
4400,58.428
4401,45.473
4402,84.601
4403,77.199
4404,86.452
4405,119.764
4406,125.58
4407,167.088
4408,153.604
4409,89.625
4410,115.798
4411,173.433
4412,143.822
4413,79.843
4414,76.934
4415,80.107
4416,49.968
4417,74.291
4418,104.165
4419,175.812
4420,55.255
4421,74.555
4422,88.567
4423,196.963
4424,116.856
4425,80.371
4426,126.638
4427,94.119
4428,83.544
4429,221.021
4430,65.83
4431,77.992
4432,49.703
4433,143.558
4434,180.571
4435,156.248
4436,93.062
4437,196.698
4438,87.51
4439,88.038
4440,43.887
4441,226.309
4442,233.976
4443,293.725
4444,86.452
4445,106.016
4446,139.592
4447,144.087
4448,162.065
4449,110.775
4450,98.613
4451,174.755
4452,145.409
4453,169.732
4454,139.328
4455,117.384
4456,38.335
4457,96.763
4458,66.624
4459,90.418
4460,101.522
4461,73.233
4462,66.624
4463,51.29
4464,43.094
4465,145.409
4466,65.83
4467,118.706
4468,137.477
4469,77.199
4470,87.774
4471,55.784
4472,101.257
4473,76.934
4474,92.533
4475,13238.888
4476,162.858
4477,5111.669
4478,4139.833
4479,98.085
4480,3915.929
4481,2777.356
4482,139.857
4483,230.539
4484,99.407
4485,20.886
4486,170.26
4487,55.784
4488,79.314
4489,69.267
4490,92.797
4491,65.83
4492,69.796
4493,50.232
4494,113.947
4495,63.451
4496,121.879
4497,65.037
4498,47.588
4499,56.048
4500,30.932
4501,111.039
4502,47.853
4503,57.37
4504,90.153
4505,99.142
4506,58.957
4507,73.233
4508,59.75
4509,88.038
4510,189.824
4511,98.878
4512,88.038
4513,101.786
4514,89.36
4515,15.598
4516,15.07
4517,63.715
4518,85.923
4519,224.458
4520,188.238
4521,5659.517
4522,3006.023
4523,122.936
4524,64.509
4525,65.83
4526,53.405
4527,122.408
4528,70.854
4529,64.244
4530,118.706
4531,93.326
4532,49.703
4533,110.511
4534,88.038
4535,46.266
4536,127.166
4537,175.812
4538,112.097
4539,28.553
4540,136.684
4541,184.272
4542,41.772
4543,72.969
4544,36.484
4545,5773.851
4546,43.623
4547,60.278
4548,39.657
4549,74.291
4550,3692.025
4551,1529.213
4552,1362.477
4553,92.268
4554,46.266
4555,80.371
4556,92.533
4557,109.717
4558,85.13
4559,122.936
4560,109.982
4561,135.098
4562,98.878
4563,41.243
4564,39.393
4565,35.162
4566,64.773
4567,211.239
4568,76.67
4569,112.361
4570,94.383
4571,46.795
4572,30.139
4573,84.337
4574,77.199
4575,83.279
4576,17.978
4577,72.704
4578,67.945
4579,44.416
4580,43.623
4581,2172.34
4582,53.669
4583,1161.418
4584,695.053
4585,899.947
4586,1305.241
4587,259.356
4588,10756.894
4589,355.326
4590,4697.209
4591,1918.601
4592,32932.865
4593,1061.483
4594,1534.722
4595,1723.753
4596,1160.89
4597,617.59
4598,681.57
4599,516.333
4600,470.595
4601,897.303
4602,1152.694
4603,371.982
4604,443.364
4605,593.003
4606,528.23
4607,5268.878
4608,2944.093
4609,256.712
4610,384.408
4611,170.789
4612,248.781
4613,216.791
4614,343.693
4615,267.287
4616,350.038
4617,1078.932
4618,1056.46
4619,1166.177
4620,1177.017
4621,766.436
4622,369.338
4623,662.006
4624,540.127
4625,582.163
4626,714.617
4627,700.341
4628,706.686
4629,342.636
4630,243.229
4631,133.776
4632,322.807
4633,512.632
4634,624.728
4635,690.294
4636,484.079
4637,551.231
4638,1096.117
4639,913.431
4640,32.783
4641,57.37
4642,57.899
4643,78.785
4644,73.497
4645,46.531
4646,84.866
4647,57.899
4648,57.899
4649,51.554
4650,33.841
4651,31.197
4652,45.473
4653,43.623
4654,23.001
4655,21.15
4656,116.591
4657,176.605
4658,196.963
4659,49.439
4660,47.588
4661,64.773
4662,25.909
4663,25.909
4664,25.38
4665,476.391
4666,671.71
4667,614.543
4668,67.417
4669,881.323
4670,1424.407
4671,1576.852
4672,85.923
4673,47.324
4674,45.473
4675,84.073
4676,1324.366
4677,2291.437
4678,1572.088
4679,4530.472
4680,6455.089
4681,347.765
4682,6407.45
4683,1743.589
4684,138.535
4685,92.533
4686,42.301
4687,56.048
4688,72.176
4689,176.341
4690,96.498
4691,73.233
4692,80.107
4693,94.648
4694,116.856
4695,50.232
4696,85.923
4697,7288.772
4698,4835.362
4699,62.394
4700,83.544
4701,149.374
4702,141.972
4703,87.245
4704,131.925
4705,29.875
4706,54.727
4707,55.52
4708,23.53
4709,28.553
4710,57.106
4711,50.496
4712,39.393
4713,40.979
4714,57.37
4715,56.842
4716,45.738
4717,32.254
4718,55.255
4719,44.416
4720,98.085
4721,59.485
4722,115.798
4723,208.86
4724,186.916
4725,198.549
4726,275.483
4727,43.358
4728,122.408
4729,49.968
4730,84.337
4731,65.566
4732,28.817
4733,202.25
4734,151.225
4735,80.636
4736,145.673
4737,164.444
4738,109.982
4739,133.512
4740,152.282
4741,50.496
4742,57.37
4743,58.957
4744,72.704
4745,67.945
4746,51.554
4747,132.983
4748,84.866
4749,199.078
4750,168.938
4751,239.263
4752,139.592
4753,71.118
4754,197.756
4755,104.165
4756,46.531
4757,49.703
4758,48.381
4759,94.119
4760,149.639
4761,61.6
4762,189.824
4763,167.616
4764,96.498
4765,38.599
4766,121.35
4767,104.43
4768,118.971
4769,109.717
4770,56.842
4771,172.64
4772,102.844
4773,40.45
4774,68.474
4775,76.67
4776,114.212
4777,126.902
4778,123.994
4779,187.445
4780,143.558
4781,125.845
4782,80.107
4783,88.303
4784,56.842
4785,70.589
4786,84.073
4787,115.005
4788,61.865
4789,112.097
4790,94.912
4791,73.233
4792,95.441
4793,103.901
4794,173.962
4795,79.843
4796,83.808
4797,257.241
4798,74.819
4799,150.167
4800,93.59
4801,221.814
4802,195.376
4803,115.269
4804,67.417
4805,72.176
4806,45.209
4807,30.139
4808,32.783
4809,58.692
4810,52.347
4811,52.611
4812,182.422
4813,110.775
4814,113.683
4815,61.072
4816,111.568
4817,170.525
4818,140.121
4819,147.788
4820,79.314
4821,56.313
4822,71.382
4823,108.396
4824,32.519
4825,38.599
4826,78.256
4827,51.29
4828,47.324
4829,44.944
4830,37.542
4831,61.336
4832,121.879
4833,94.383
4834,73.233
4835,65.037
4836,110.246
4837,68.21
4838,4311.333
4839,259.62
4840,1271.962
4841,10666.38
4842,1238.615
4843,1743.589
4844,47.853
4845,1548.268
4846,1510.157
4847,103.637
4848,14501.322
4849,3372.844
4850,1929.381
4851,2272.382
4852,59.221
4853,62.129
4854,235.033
4855,212.297
4856,8656.012
4857,144.087
4858,125.845
4859,96.234
4860,91.211
4861,66.888
4862,65.302
4863,55.52
4864,60.014
4865,62.394
4866,87.774
4867,109.189
4868,49.175
4869,168.938
4870,74.026
4871,59.75
4872,33.047
4873,21.415
4874,1519.685
4875,3158.468
4876,5230.766
4877,76.406
4878,51.818
4879,46.266
4880,43.887
4881,56.842
4882,41.508
4883,38.599
4884,52.083
4885,59.485
4886,34.105
4887,39.921
4888,21.943
4889,23.794
4890,29.346
4891,8.989
4892,15.598
4893,32.519
4894,37.277
4895,15.07
4896,9.253
4897,38.071
4898,22.472
4899,13.483
4900,15.863
4901,34.898
4902,23.001
4903,116.063
4904,25.909
4905,25.645
4906,57.37
4907,46.266
4908,52.611
4909,74.819
4910,279.185
4911,269.931
4912,827.772
4913,407.673
4914,262.264
4915,882.498
4916,1515.422
4917,15773.285
4918,547.001
4919,737.354
4920,250.896
4921,259.092
4922,188.767
4923,146.995
4924,192.997
4925,327.302
4926,378.591
4927,2140.679
4928,1279.332
4929,1735.122
4930,2617.355
4931,1021.033
4932,266.759
4933,6860.021
4934,5116.432
4935,181.629
4936,502.849
4937,876.417
4938,594.589
4939,97.292
4940,53.405
4941,123.465
4942,222.343
4943,68.739
4944,79.314
4945,148.052
4946,218.113
4947,99.935
4948,80.107
4949,190.882
4950,83.279
4951,270.196
4952,137.477
4953,229.746
4954,283.15
4955,156.513
4956,61.072
4957,187.445
4958,1885.553
4959,4616.222
4960,5111.669
4961,103.372
4962,206.745
4963,147.524
4964,150.696
4965,183.744
4966,198.813
4967,216.527
4968,194.054
4969,249.045
4970,239.528
4971,112.89
4972,108.924
4973,94.119
4974,239.263
4975,131.661
4976,219.964
4977,161.8
4978,789.701
4979,1639.152
4980,260.149
4981,391.81
4982,371.453
4983,219.964
4984,289.495
4985,150.696
4986,235.562
4987,190.089
4988,300.599
4989,227.366
4990,189.031
4991,462.664
4992,153.604
4993,972.387
4994,767.758
4995,8227.262
4996,269.138
4997,5511.836
4998,4792.487
4999,111.568
5000,130.603
5001,387.316
5002,437.283
5003,415.604
5004,458.963
5005,6270.02
5006,567.887
5007,105.752
5008,139.857
5009,60.543
5010,100.993
5011,83.808
5012,80.9
5013,104.694
5014,109.189
5015,123.994
5016,206.745
5017,138.799
5018,133.247
5019,67.152
5020,84.337
5021,100.729
5022,6031.101
5023,4430.43
5024,2448.646
5025,128.488
5026,103.901
5027,78.785
5028,160.478
5029,181.1
5030,262.529
5031,219.435
5032,86.188
5033,63.187
5034,88.303
5035,92.797
5036,90.153
5037,100.2
5038,42.036
5039,74.291
5040,65.037
5041,34.105
5042,70.325
5043,53.14
5044,64.244
5045,43.094
5046,56.842
5047,154.398
5048,135.891
5049,107.074
5050,190.089
5051,113.683
5052,157.834
5053,145.144
5054,42.829
5055,69.267
5056,126.373
5057,69.267
5058,66.095
5059,218.377
5060,61.6
5061,71.382
5062,86.188
5063,30.404
5064,4916.348
5065,74.819
5066,93.59
5067,1638.783
5068,99.142
5069,78.785
5070,120.293
5071,81.958
5072,58.692
5073,157.57
5074,87.245
5075,97.292
5076,2420.063
5077,113.947
5078,97.556
5079,129.546
5080,116.063
5081,176.605
5082,113.154
5083,159.685
5084,78.256
5085,65.566
5086,107.074
5087,83.279
5088,67.945
5089,46.531
5090,36.749
5091,29.082
5092,54.727
5093,77.463
5094,74.819
5095,64.509
5096,107.338
5097,88.038
5098,70.854
5099,106.809
5100,131.397
5101,83.808
5102,138.535
5103,182.157
5104,157.57
5105,76.406
5106,177.663
5107,124.787
5108,61.6
5109,97.292
5110,155.191
5111,83.015
5112,248.252
5113,83.279
5114,83.808
5115,867.03
5116,62.922
5117,2505.813
5118,7979.538
5119,95.97
5120,103.108
5121,3139.412
5122,104.959
5123,132.454
5124,78.256
5125,40.979
5126,100.2
5127,83.015
5128,92.797
5129,49.703
5130,97.292
5131,125.316
5132,133.512
5133,123.201
5134,85.923
5135,56.313
5136,52.347
5137,85.923
5138,146.995
5139,87.245
5140,52.347
5141,63.451
5142,85.923
5143,68.474
5144,61.072
5145,93.59
5146,59.221
5147,125.051
5148,82.222
5149,75.877
5150,159.685
5151,1991.311
5152,153.869
5153,1800.755
5154,63.187
5155,63.98
5156,49.175
5157,73.497
5158,143.822
5159,135.362
5160,77.728
5161,70.325
5162,54.727
5163,53.933
5164,88.038
5165,53.405
5166,46.266
5167,130.868
5168,96.498
5169,36.749
5170,52.083
5171,65.83
5172,61.336
5173,66.624
5174,121.086
5175,92.268
5176,57.899
5177,95.177
5178,128.753
5179,80.107
5180,75.084
5181,61.336
5182,75.877
5183,77.728
5184,74.291
5185,53.405
5186,81.693
5187,184.272
5188,112.89
5189,173.168
5190,127.166
5191,66.095
5192,90.418
5193,164.18
5194,231.068
5195,4540
5196,240.85
5197,89.36
5198,117.12
5199,137.742
5200,165.766
5201,343.958
5202,218.642
5203,111.304
5204,117.12
5205,105.223
5206,135.627
5207,211.768
5208,88.831
5209,110.775
5210,192.997
5211,237.941
5212,83.279
5213,43.094
5214,79.314
5215,67.681
5216,203.043
5217,86.188
5218,105.752
5219,111.832
5220,54.198
5221,66.624
5222,90.946
5223,119.235
5224,123.73
5225,179.778
5226,117.12
5227,174.49
5228,111.039
5229,67.945
5230,88.831
5231,85.395
5232,69.003
5233,104.165
5234,62.922
5235,55.784
5236,42.301
5237,43.094
5238,218.377
5239,230.539
5240,80.636
5241,48.117
5242,89.096
5243,1419.643
5244,109.453
5245,34.634
5246,80.636
5247,68.474
5248,1067.114
5249,67.681
5250,1081.406
5251,14749.045
5252,7765.163
5253,8041.469
5254,4025.498
5255,7284.008
5256,3630.094
5257,12362.33
5258,191.675
5259,396.569
5260,323.6
5261,84.073
5262,36.749
5263,43.887
5264,345.279
5265,324.129
5266,512.367
5267,476.94
5268,379.913
5269,384.408
5270,136.684
5271,152.811
5272,3353.788
5273,525.322
5274,463.457
5275,99.671
5276,101.522
5277,62.658
5278,60.543
5279,97.82
5280,46.795
5281,54.727
5282,62.922
5283,66.095
5284,71.911
5285,38.599
5286,54.991
5287,56.842
5288,64.773
5289,74.555
5290,66.359
5291,56.577
5292,89.889
5293,81.429
5294,77.199
5295,63.98
5296,99.142
5297,109.189
5298,58.957
5299,122.936
5300,70.061
5301,1195.74
5302,55.255
5303,85.395
5304,55.52
5305,86.981
5306,103.372
5307,69.532
5308,153.076
5309,106.809
5310,150.432
5311,5497.545
5312,25.645
5313,1395.824
5314,62.658
5315,61.865
5316,46.002
5317,45.738
5318,142.236
5319,53.14
5320,45.209
5321,200.928
5322,103.901
5323,75.612
5324,130.339
5325,146.466
5326,107.602
5327,109.717
5328,0.529
5329,57.106
5330,55.784
5331,38.599
5332,134.305
5333,213.354
5334,152.018
5335,146.202
5336,94.119
5337,72.44
5338,132.983
5339,125.316
5340,190.882
5341,19.035
5342,41.772
5343,54.727
5344,34.105
5345,240.056
5346,125.316
5347,93.59
5348,81.429
5349,1667.366
5350,50.232
5351,74.026
5352,37.013
5353,5597.586
5354,44.944
5355,75.348
5356,43.358
5357,125.58
5358,112.097
5359,159.685
5360,106.016
5361,72.704
5362,65.566
5363,105.752
5364,89.36
5365,32.254
5366,92.797
5367,23.265
5368,98.349
5369,35.162
5370,44.68
5371,163.915
5372,26.702
5373,71.382
5374,32.254
5375,102.315
5376,139.592
5377,125.58
5378,119.499
5379,49.439
5380,32.519
5381,54.198
5382,62.394
5383,191.675
5384,158.628
5385,176.87
5386,224.722
5387,103.637
5388,170.525
5389,148.581
5390,192.204
5391,48.117
5392,63.451
5393,39.393
5394,36.749
5395,131.132
5396,68.474
5397,273.633
5398,208.595
5399,77.199
5400,141.443
5401,260.149
5402,38.599
5403,77.199
5404,64.244
5405,29.346
5406,127.431
5407,119.235
5408,108.396
5409,130.603
5410,136.684
5411,141.972
5412,77.992
5413,139.064
5414,138.799
5415,158.628
5416,137.213
5417,73.762
5418,167.088
5419,258.299
5420,83.808
5421,72.969
5422,112.626
5423,182.686
5424,52.611
5425,288.173
5426,296.634
5427,375.947
5428,464.25
5429,123.994
5430,53.933
5431,191.411
5432,65.83
5433,68.739
5434,56.577
5435,55.784
5436,44.416
5437,79.843
5438,161.271
5439,90.682
5440,88.303
5441,69.532
5442,42.301
5443,38.071
5444,74.819
5445,59.485
5446,49.175
5447,44.151
5448,135.891
5449,197.491
5450,141.972
5451,119.764
5452,44.68
5453,123.994
5454,144.087
5455,126.638
5456,38.071
5457,46.795
5458,44.416
5459,61.336
5460,107.338
5461,115.798
5462,120.293
5463,67.681
5464,85.659
5465,45.209
5466,95.441
5467,72.704
5468,48.117
5469,57.899
5470,102.844
5471,86.188
5472,92.268
5473,92.797
5474,105.752
5475,83.015
5476,84.601
5477,63.98
5478,56.842
5479,60.543
5480,53.933
5481,65.83
5482,170.525
5483,115.534
5484,85.659
5485,114.476
5486,117.384
5487,191.675
5488,132.718
5489,313.818
5490,16416.411
5491,126.373
5492,172.111
5493,989.836
5494,115.534
5495,159.949
5496,145.144
5497,131.925
5498,494.918
5499,121.086
5500,120.821
5501,371.982
5502,316.198
5503,388.638
5504,92.533
5505,171.582
5506,6850.493
5507,135.362
5508,105.752
5509,104.959
5510,237.148
5511,3296.621
5512,2481.994
5513,21556.663
5514,16797.524
5515,8756.055
5516,4849.654
5517,7017.23
5518,12957.818
5519,15444.575
5520,10747.366
5521,8741.763
5522,245.873
5523,10618.741
5524,123.994
5525,187.974
5526,159.685
5527,162.593
5528,70.061
5529,188.767
5530,99.407
5531,356.383
5532,91.475
5533,131.397
5534,16826.107
5535,10123.295
5536,355.59
5537,409.788
5538,883.556
5539,9718.363
5540,347.394
5541,397.362
5542,4239.874
5543,88.303
5544,171.318
5545,364.315
5546,230.01
5547,159.685
5548,127.695
5549,231.068
5550,300.335
5551,420.099
5552,415.34
5553,450.767
5554,262.793
5555,5148.787
5556,1150.05
5557,1780.33
5558,19312.865
5559,20641.994
5560,24586.506
5561,6555.131
5562,2147.025
5563,13253.179
5564,287.909
5565,194.848
5566,97.292
5567,121.879
5568,146.202
5569,81.429
5570,320.163
5571,5249.821
5572,5054.502
5573,200.135
5574,150.432
5575,138.535
5576,296.369
5577,153.869
5578,198.813
5579,3167.995
5580,304.036
5581,551.76
5582,20275.173
5583,16954.732
5584,20551.479
5585,141.972
5586,111.832
5587,75.877
5588,269.138
5589,88.303
5590,80.371
5591,342.636
5592,370.924
5593,233.183
5594,174.226
5595,196.169
5596,412.432
5597,103.901
5598,222.872
5599,94.383
5600,3515.76
5601,427.766
5602,143.294
5603,187.709
5604,215.469
5605,133.776
5606,131.661
5607,107.338
5608,84.337
5609,164.18
5610,120.293
5611,9184.806
5612,149.639
5613,74.026
5614,5292.697
5615,4468.542
5616,3420.482
5617,3949.276
5618,202.779
5619,291.61
5620,107.602
5621,19.3
5622,10647.325
5623,5130.724
5624,7198.258
5625,16754.648
5626,337.084
5627,326.773
5628,12157.482
5629,10952.214
5630,10642.56
5631,271.253
5632,246.93
5633,368.016
5634,378.591
5635,448.123
5636,452.882
5637,243.493
5638,7627.01
5639,9442.057
5640,6050.157
5641,7550.787
5642,20265.645
5643,5745.268
5644,209.124
5645,10232.865
5646,2705.897
5647,3329.969
5648,247.459
5649,449.974
5650,243.229
5651,22623.777
5652,195.112
5653,62611.984
5654,26849.36
5655,51797.922
5656,36767.807
5657,631.338
5658,266.23
5659,5635.697
5660,320.957
5661,9256.265
5662,11228.52
5663,513.425
5664,268.345
5665,211.239
5666,135.627
5667,570.795
5668,2641.943
5669,344.751
5670,931.408
5671,1188.385
5672,13343.694
5673,774.896
5674,512.367
5675,405.294
5676,34185.771
5677,134.569
5678,218.377
5679,212.825
5680,185.33
5681,7398.343
5682,16645.079
5683,170.26
5684,203.043
5685,96.763
5686,5816.726
5687,6631.353
5688,5597.586
5689,7174.439
5690,472.446
5691,77.992
5692,141.179
5693,130.603
5694,193.261
5695,218.906
5696,454.204
5697,141.707
5698,258.563
5699,324.129
5700,5735.74
5701,193.261
5702,169.732
5703,121.35
5704,236.355
5705,58.163
5706,157.57
5707,69.796
5708,87.245
5709,848.922
5710,566.829
5711,278.127
5712,618.912
5713,208.067
5714,217.32
5715,201.193
5716,221.55
5717,132.454
5718,222.343
5719,307.209
5720,5273.641
5721,85.923
5722,54.727
5723,159.685
5724,182.95
5725,378.591
5726,166.295
5727,3206.107
5728,1824.575
5729,152.811
5730,131.661
5731,178.456
5732,164.18
5733,235.033
5734,127.96
5735,136.155
5736,81.429
5737,262.793
5738,30546.15
5739,423.536
5740,2582.036
5741,34647.87
5742,141.179
5743,293.725
5744,623.406
5745,219.699
5746,95.177
5747,355.061
5748,213.09
5749,11595.341
5750,40583.694
5751,4249.402
5752,3892.109
5753,110.246
5754,94.383
5755,126.109
5756,100.729
5757,240.321
5758,263.322
5759,394.983
5760,106.28
5761,345.015
5762,80.107
5763,50.232
5764,69.796
5765,47091.186
5766,7293.537
5767,224.194
5768,288.702
5769,232.125
5770,74.291
5771,15.07
5772,13334.166
5773,662.27
5774,161.007
5775,199.078
5776,70.061
5777,35.956
5778,60.807
5779,30.668
5780,226.044
5781,570.795
5782,195.641
5783,199.871
5784,264.908
5785,171.053
5786,102.05
5787,212.561
5788,139.328
5789,199.078
5790,209.388
5791,110.511
5792,208.331
5793,803.978
5794,121.879
5795,176.341
5796,43.623
5797,307.473
5798,426.708
5799,171.847
5800,282.886
5801,130.075
5802,231.596
5803,95.97
5804,85.659
5805,95.97
5806,128.753
5807,364.579
5808,246.137
5809,125.58
5810,126.373
5811,161.536
5812,137.742
5813,134.569
5814,90.682
5815,143.558
5816,134.04
5817,141.179
5818,37.542
5819,179.249
5820,188.502
5821,414.547
5822,93.59
5823,189.56
5824,76.934
5825,103.637
5826,313.818
5827,178.72
5828,108.66
5829,282.621
5830,170.789
5831,153.076
5832,216.527
5833,327.302
5834,228.159
5835,208.86
5836,306.68
5837,229.217
5838,396.569
5839,296.105
5840,173.168
5841,86.188
5842,115.534
5843,129.281
5844,222.343
5845,112.626
5846,52.611
5847,54.991
5848,118.971
5849,525.586
5850,476.147
5851,527.172
5852,301.128
5853,442.571
5854,1094.53
5855,685.271
5856,357.97
5857,103.901
5858,426.444
5859,164.973
5860,299.542
5861,126.902
5862,672.052
5863,598.819
5864,158.363
5865,404.765
5866,593.267
5867,456.847
5868,221.285
5869,260.678
5870,139.592
5871,2343.841
5872,67.417
5873,76.406
5874,68.739
5875,91.74
5876,100.729
5877,2386.715
5878,127.431
5879,28.024
5880,128.488
5881,97.556
5882,1791.228
5883,3711.081
5884,106.545
5885,96.234
5886,88.303
5887,117.913
5888,9146.694
5889,90.418
5890,137.477
5891,169.203
5892,82.222
5893,128.488
5894,80.107
5895,129.81
5896,85.923
5897,102.315
5898,73.762
5899,104.694
5900,218.377
5901,95.97
5902,123.73
5903,226.309
5904,71.118
5905,112.361
5906,164.18
5907,233.447
5908,138.27
5909,325.98
5910,237.941
5911,39.657
5912,71.647
5913,153.869
5914,222.343
5915,237.413
5916,194.319
5917,448.652
5918,345.015
5919,592.21
5920,572.646
5921,82.751
5922,99.407
5923,73.762
5924,134.833
5925,77.199
5926,50.761
5927,32.519
5928,63.451
5929,101.257
5930,236.619
5931,321.221
5932,153.076
5933,223.401
5934,102.315
5935,65.037
5936,136.42
5937,5140.252
5938,49.439
5939,24.059
5940,182.95
5941,151.754
5942,89.096
5943,208.86
5944,143.558
5945,107.074
5946,141.972
5947,135.891
5948,119.764
5949,124.787
5950,90.153
5951,49.175
5952,88.303
5953,44.416
5954,871.795
5955,609.78
5956,93.326
5957,127.695
5958,36.22
5959,65.83
5960,1538.74
5961,52.083
5962,21.943
5963,80.636
5964,43.358
5965,49.968
5966,100.464
5967,99.935
5968,60.807
5969,1100.462
5970,90.682
5971,63.98
5972,33.047
5973,38.335
5974,112.361
5975,509.738
5976,1510.157
5977,135.362
5978,1957.964
5979,11495.299
5980,3572.927
5981,41.243
5982,148.846
5983,52.611
5984,80.636
5985,77.728
5986,292.404
5987,151.225
5988,115.269
5989,190.089
5990,81.693
5991,101.522
5992,189.824
5993,76.67
5994,83.808
5995,115.005
5996,448.123
5997,159.685
5998,3644.386
5999,65.83
6000,9451.585
6001,1686.422
6002,189.296
6003,178.985
6004,107.338
6005,115.005
6006,111.039
6007,191.146
6008,242.7
6009,14029.696
6010,149.11
6011,390.224
6012,516.068
6013,18722.141
6014,462.664
6015,313.29
6016,132.19
6017,139.857
6018,168.938
6019,882.234
6020,204.894
6021,549.116
6022,902.855
6023,424.329
6024,174.226
6025,385.729
6026,302.186
6027,237.941
6028,197.227
6029,239.263
6030,106.016
6031,215.998
6032,176.077
6033,182.422
6034,61.865
6035,210.446
6036,8003.358
6037,318.313
6038,181.364
6039,96.763
6040,193.261
6041,140.65
6042,168.41
6043,54.727
6044,36.749
6045,43.887
6046,36.749
6047,53.14
6048,58.692
6049,85.395
6050,25.116
6051,86.981
6052,170.26
6053,183.215
6054,107.074
6055,59.221
6056,115.534
6057,179.514
6058,86.188
6059,72.704
6060,65.83
6061,36.484
6062,62.922
6063,28.553
6064,48.646
6065,66.359
6066,412.432
6067,461.606
6068,61.336
6069,57.635
6070,239.792
6071,124.787
6072,71.911
6073,112.89
6074,240.056
6075,224.194
6076,229.217
6077,177.134
6078,401.328
6079,281.3
6080,3277.566
6081,662.182
6082,295.047
6083,137.477
6084,180.307
6085,139.857
6086,747.4
6087,800.276
6088,1468.627
6089,330.21
6090,234.24
6091,283.679
6092,251.953
6093,205.687
6094,114.741
6095,3853.998
6096,2505.813
6097,265.437
6098,110.775
6099,277.334
6100,5083.085
6101,281.828
6102,245.608
6103,213.354
6104,181.629
6105,125.051
6106,117.384
6107,166.295
6108,248.252
6109,81.693
6110,195.641
6111,287.909
6112,269.403
6113,173.433
6114,573.174
6115,543.564
6116,1013.366
6117,95.705
6118,91.211
6119,103.372
6120,117.12
6121,197.227
6122,180.571
6123,74.026
6124,175.283
6125,70.325
6126,77.992
6127,104.165
6128,139.857
6129,130.075
6130,179.778
6131,120.821
6132,166.295
6133,134.04
6134,142.765
6135,117.12
6136,112.89
6137,155.191
6138,109.189
6139,88.567
6140,109.717
6141,112.097
6142,77.992
6143,81.693
6144,67.152
6145,101.257
6146,215.734
6147,223.136
6148,229.481
6149,248.517
6150,5092.613
6151,3749.192
6152,5449.906
6153,103.637
6154,233.711
6155,159.685
6156,171.847
6157,90.682
6158,90.418
6159,78.256
6160,80.371
6161,75.084
6162,2262.854
6163,1081.406
6164,65.302
6165,62.394
6166,1605.435
6167,35.427
6168,98.878
6169,81.164
6170,181.364
6171,81.693
6172,7860.441
6173,243.758
6174,141.707
6175,139.857
6176,116.856
6177,102.844
6178,50.761
6179,268.081
6180,422.214
6181,193.79
6182,1886.505
6183,2034.187
6184,2229.507
6185,191.675
6186,3611.038
6187,126.638
6188,137.213
6189,377.798
6190,3725.373
6191,94.912
6192,85.13
6193,371.982
6194,327.037
6195,103.372
6196,127.166
6197,89.625
6198,97.027
6199,93.855
6200,86.452
6201,319.106
6202,208.86
6203,216.791
6204,112.89
6205,182.157
6206,128.224
6207,108.131
6208,114.476
6209,98.613
6210,78.256
6211,104.43
6212,99.671
6213,104.43
6214,279.185
6215,224.458
6216,82.222
6217,83.015
6218,96.234
6219,184.801
6220,144.351
6221,200.4
6222,171.053
6223,109.453
6224,255.655
6225,143.029
6226,221.021
6227,125.845
6228,195.376
6229,126.638
6230,69.532
6231,122.143
6232,146.995
6233,90.946
6234,83.015
6235,561.806
6236,1176.224
6237,132.983
6238,227.631
6239,436.755
6240,144.88
6241,170.26
6242,168.41
6243,446.272
6244,178.985
6245,85.923
6246,222.079
6247,111.568
6248,62.922
6249,74.026
6250,56.048
6251,299.542
6252,68.474
6253,63.715
6254,188.502
6255,90.153
6256,150.961
6257,169.203
6258,186.387
6259,96.234
6260,198.284
6261,141.972
6262,75.348
6263,153.076
6264,383.086
6265,200.664
6266,178.456
6267,313.554
6268,121.879
6269,3001.259
6270,0
6271,150.961
6272,268.081
6273,171.582
6274,142.5
6275,36.749
6276,92.797
6277,254.597
6278,300.071
6279,130.603
6280,112.361
6281,169.203
6282,215.469
6283,131.925
6284,130.075
6285,88.567
6286,105.752
6287,4392.319
6288,237.941
6289,95.97
6290,187.974
6291,104.959
6292,214.147
6293,2929.801
6294,6307.408
6295,97.292
6296,182.157
6297,85.923
6298,291.082
6299,5249.821
6300,117.384
6301,214.412
6302,82.751
6303,89.096
6304,156.513
6305,163.915
6306,95.177
6307,195.641
6308,233.183
6309,86.188
6310,94.912
6311,168.674
6312,76.934
6313,91.475
6314,121.879
6315,144.087
6316,277.863
6317,209.653
6318,179.514
6319,295.84
6320,197.227
6321,144.087
6322,209.653
6323,372.51
6324,160.214
6325,4006.442
6326,4344.68
6327,293.461
6328,221.021
6329,247.459
6330,4297.041
6331,173.433
6332,180.835
6333,252.747
6334,203.043
6335,195.112
6336,346.337
6337,247.195
6338,139.328
6339,235.033
6340,249.838
6341,539.598
6342,162.329
6343,115.269
6344,222.872
6345,10552.047
6346,113.154
6347,5068.793
6348,404.5
6349,216.791
6350,174.49
6351,198.284
6352,73.762
6353,125.845
6354,79.314
6355,230.803
6356,211.503
6357,147.259
6358,298.484
6359,202.779
6360,276.541
6361,247.988
6362,191.939
6363,159.685
6364,265.437
6365,147.524
6366,257.505
6367,243.758
6368,186.652
6369,194.319
6370,262.529
6371,146.995
6372,173.962
6373,305.887
6374,108.396
6375,130.339
6376,148.052
6377,155.191
6378,157.57
6379,172.111
6380,176.605
6381,171.582
6382,267.552
6383,123.73
6384,191.939
6385,168.145
6386,184.537
6387,164.708
6388,200.4
6389,184.801
6390,281.035
6391,220.757
6392,161.8
6393,127.431
6394,196.434
6395,143.294
6396,209.653
6397,165.501
6398,134.04
6399,181.364
6400,115.798
6401,121.35
6402,108.66
6403,96.234
6404,100.2
6405,166.295
6406,176.341
6407,261.736
6408,156.513
6409,135.891
6410,102.315
6411,111.304
6412,1800.755
6413,129.281
6414,108.131
6415,62.394
6416,58.957
6417,108.131
6418,60.014
6419,146.995
6420,104.43
6421,141.179
6422,35.691
6423,147.524
6424,72.704
6425,15382.644
6426,106.016
6427,41083.904
6428,34466.842
6429,4459.014
6430,2172.34
6431,7374.523
6432,1624.492
6433,279.449
6434,69.267
6435,93.59
6436,43.358
6437,52.611
6438,154.133
6439,24.059
6440,51.29
6441,105.223
6442,60.278
6443,29.346
6444,66.359
6445,48.91
6446,77.992
6447,120.557
6448,79.578
6449,16230.62
6450,253.804
6451,8027.177
6452,7331.648
6453,6450.325
6454,7350.704
6455,23109.696
6456,9527.807
6457,5330.808
6458,28192.781
6459,26868.416
6460,4792.487
6461,4292.277
6462,4821.07
6463,3915.929
6464,9713.599
6465,4249.402
6466,17278.678
6467,184.272
6468,9670.724
6469,8922.792
6470,4535.237
6471,48367.912
6472,165.237
6473,169.467
6474,439.398
6475,426.179
6476,462.664
6477,606.486
6478,383.086
6479,335.233
6480,273.104
6481,298.484
6482,584.278
6483,7674.649
6484,238.999
6485,347.394
6486,4692.445
6487,8413.053
6488,309.588
6489,586.658
6490,428.03
6491,499.148
6492,587.186
6493,498.091
6494,254.597
6495,397.362
6496,302.714
6497,447.859
6498,10761.658
6499,41889.003
6500,30941.554
6501,11457.188
6502,315.14
6503,288.967
6504,334.175
6505,364.843
6506,392.339
6507,309.059
6508,265.966
6509,313.554
6510,142.765
6511,316.726
6512,205.158
6513,166.03
6514,233.976
6515,268.609
6516,181.364
6517,5278.406
6518,181.893
6519,253.54
6520,213.354
6521,141.443
6522,134.305
6523,123.994
6524,202.25
6525,2310.493
6526,3025.078
6527,70.325
6528,96.763
6529,118.442
6530,158.099
6531,265.701
6532,223.136
6533,204.365
6534,2072.298
6535,3630.094
6536,1948.437
6537,243.758
6538,298.749
6539,260.678
6540,112.626
6541,241.114
6542,270.196
6543,120.557
6544,255.655
6545,192.997
6546,143.029
6547,461.078
6548,220.492
6549,88.303
6550,322.278
6551,75.612
6552,2119.937
6553,51.554
6554,235.033
6555,122.143
6556,185.33
6557,295.576
6558,157.57
6559,258.827
6560,211.503
6561,235.562
6562,227.102
6563,279.713
6564,91.74
6565,231.332
6566,189.296
6567,244.551
6568,138.799
6569,98.613
6570,166.559
6571,74.819
6572,240.321
6573,330.21
6574,196.698
6575,7455.509
6576,229.481
6577,309.324
6578,423.536
6579,262.793
6580,475.883
6581,243.229
6582,309.324
6583,454.732
6584,329.945
6585,250.632
6586,518.977
6587,497.298
6588,320.428
6589,612.038
6590,363.786
6591,272.311
6592,315.14
6593,316.462
6594,238.47
6595,512.367
6596,333.911
6597,80.9
6598,4.759
6599,11871.648
6600,312.232
6601,541.978
6602,342.9
6603,267.552
6604,363.257
6605,296.634
6606,558.634
6607,670.995
6608,595.647
6609,912.373
6610,729.687
6611,690.823
6612,425.915
6613,461.606
6614,12891.123
6615,608.337
6616,509.723
6617,572.91
6618,19627.282
6619,262
6620,240.321
6621,354.533
6622,11633.452
6623,204.63
6624,153.076
6625,321.221
6626,5569.003
6627,2315.257
6628,3968.331
6629,4921.113
6630,124.787
6631,163.386
6632,4587.639
6633,2372.424
6634,3029.843
6635,186.123
6636,4263.694
6637,4549.528
6638,213.354
6639,257.505
6640,4630.514
6641,5368.919
6642,209.653
6643,212.032
6644,165.237
6645,171.847
6646,3377.608
6647,186.916
6648,130.603
6649,299.013
6650,124.258
6651,4249.402
6652,1800.755
6653,159.421
6654,202.515
6655,244.022
6656,241.643
6657,202.779
6658,5087.849
6659,6112.088
6660,5449.906
6661,4582.876
6662,191.939
6663,242.7
6664,172.904
6665,134.833
6666,215.734
6667,363.257
6668,340.785
6669,253.275
6670,4273.222
6671,3029.843
6672,248.252
6673,8303.484
6674,3006.023
6675,4659.098
6676,315.405
6677,224.194
6678,295.576
6679,171.847
6680,225.516
6681,147.788
6682,158.892
6683,385.465
6684,207.538
6685,307.738
6686,380.706
6687,195.376
6688,198.02
6689,167.352
6690,3853.998
6691,294.254
6692,284.208
6693,208.86
6694,228.688
6695,394.454
6696,183.479
6697,289.231
6698,196.698
6699,5187.891
6700,234.504
6701,86.981
6702,4925.876
6703,263.057
6704,5635.697
6705,167.881
6706,6164.492
6707,4144.596
6708,358.234
6709,9532.571
6710,4616.222
6711,265.966
6712,227.631
6713,6826.674
6714,333.911
6715,256.712
6716,206.745
6717,5292.697
6718,4325.624
6719,289.231
6720,188.767
6721,4544.764
6722,182.95
6723,230.274
6724,387.58
6725,284.737
6726,371.453
6727,247.723
6728,304.036
6729,273.897
6730,287.38
6731,358.498
6732,505.758
6733,236.884
6734,227.895
6735,335.762
6736,390.224
6737,172.375
6738,159.421
6739,245.873
6740,159.685
6741,225.251
6742,9265.792
6743,15844.743
6744,451.296
6745,17674.082
6746,8765.583
6747,436.226
6748,524.529
6749,645.614
6750,388.902
6751,393.661
6752,560.749
6753,340.521
6754,428.03
6755,568.416
6756,439.398
6757,411.903
6758,376.476
6759,519.505
6760,317.255
6761,392.075
6762,10118.531
6763,16506.926
6764,4025.498
6765,25944.218
6766,7850.913
6767,6397.922
6768,371.717
6769,479.848
6770,744.757
6771,10976.034
6772,10313.851
6773,593.532
6774,499.413
6775,7484.093
6776,4206.527
6777,6517.02
6778,347.394
6779,5216.474
6780,512.632
6781,259.356
6782,341.314
6783,176.87
6784,346.866
6785,246.402
6786,176.605
6787,196.169
6788,180.307
6789,253.54
6790,157.834
6791,508.137
6792,337.084
6793,454.204
6794,298.749
6795,310.646
6796,162.065
6797,136.42
6798,181.893
6799,272.839
6800,587.715
6801,251.425
6802,265.966
6803,600.67
6804,264.644
6805,294.783
6806,314.347
6807,367.752
6808,310.646
6809,233.711
6810,231.332
6811,144.087
6812,299.542
6813,165.237
6814,170.789
6815,155.984
6816,295.576
6817,175.283
6818,210.975
6819,356.648
6820,18669.738
6821,25444.009
6822,9785.058
6823,23981.491
6824,12662.456
6825,935.638
6826,14491.795
6827,651.959
6828,706.95
6829,772.781
6830,706.95
6831,8198.678
6832,430.938
6833,639.269
6834,369.602
6835,235.562
6836,269.931
6837,498.355
6838,577.404
6839,379.384
6840,185.33
6841,316.991
6842,162.329
6843,495.976
6844,488.044
6845,407.144
6846,456.054
6847,273.633
6848,416.397
6849,236.355
6850,220.228
6851,272.839
6852,188.767
6853,397.891
6854,533.517
6855,142.765
6856,435.168
6857,483.021
6858,18579.224
6859,804.242
6860,660.42
6861,514.218
6862,6631.353
6863,350.303
6864,828.565
6865,1542.653
6866,665.972
6867,764.849
6868,467.951
6869,403.178
6870,17402.54
6871,13396.097
6872,10280.504
6873,8112.928
6874,653.281
6875,947.007
6876,7217.313
6877,19570.115
6878,8675.068
6879,25444.009
6880,10232.865
6881,525.85
6882,404.236
6883,403.178
6884,310.91
6885,346.601
6886,437.019
6887,349.774
6888,918.454
6889,454.204
6890,7917.608
6891,483.285
6892,212.561
6893,132.454
6894,406.88
6895,204.894
6896,224.458
6897,11990.745
6898,342.9
6899,408.202
6900,364.315
6901,768.551
6902,593.532
6903,5912.004
6904,10390.073
6905,278.656
6906,199.078
6907,138.27
6908,212.297
6909,108.924
6910,182.157
6911,437.812
6912,248.517
6913,318.313
6914,403.707
6915,7884.26
6916,616.797
6917,7183.967
6918,4987.807
6919,15077.754
6920,600.934
6921,502.585
6922,7650.829
6923,16787.996
6924,187.445
6925,8422.581
6926,4821.07
6927,5216.474
6928,351.889
6929,217.055
6930,328.359
6931,8232.025
6932,3006.023
6933,4220.818
6934,205.423
6935,452.353
6936,187.445
6937,155.191
6938,111.568
6939,134.04
6940,215.469
6941,273.368
6942,126.373
6943,174.226
6944,172.64
6945,178.72
6946,282.621
6947,115.798
6948,2710.661
6949,1667.366
6950,1586.379
6951,1419.643
6952,82.486
6953,3358.552
6954,1529.213
6955,1410.116
6956,2810.703
6957,3282.33
6958,2081.826
6959,3048.898
6960,128.488
6961,116.591
6962,258.827
6963,172.375
6964,188.238
6965,240.056
6966,198.813
6967,178.456
6968,110.775
6969,26549.234
6970,7674.649
6971,191.411
6972,184.537
6973,228.952
6974,154.133
6975,160.743
6976,127.96
6977,509.723
6978,474.825
6979,9756.474
6980,218.906
6981,154.398
6982,171.053
6983,170.26
6984,141.972
6985,166.03
6986,13186.485
6987,7331.648
6988,6383.631
6989,275.219
6990,272.839
6991,188.767
6992,304.301
6993,322.543
6994,388.902
6995,192.997
6996,231.068
6997,273.104
6998,215.469
6999,301.392
7000,231.068
7001,139.328
7002,278.127
7003,557.84
7004,414.282
7005,623.935
7006,174.49
7007,201.721
7008,231.332
7009,138.799
7010,188.502
7011,553.346
7012,476.676
7013,525.322
7014,375.947
7015,229.746
7016,166.03
7017,219.17
7018,207.009
7019,168.674
7020,171.847
7021,113.683
7022,68.474
7023,49.968
7024,144.615
7025,103.901
7026,170.789
7027,88.303
7028,147.524
7029,64.773
7030,86.188
7031,258.034
7032,140.385
7033,89.889
7034,67.945
7035,109.717
7036,129.81
7037,180.307
7038,104.43
7039,106.809
7040,138.535
7041,71.647
7042,118.971
7043,80.371
7044,1943.672
7045,1495.866
7046,1795.992
7047,1495.866
7048,2891.689
7049,3206.107
7050,138.27
7051,111.304
7052,2100.881
7053,114.741
7054,78.521
7055,91.211
7056,111.039
7057,159.156
7058,1090.934
7059,1929.381
7060,1276.727
7061,3806.359
7062,3863.525
7063,5892.949
7064,3063.19
7065,99.671
7066,98.085
7067,140.914
7068,113.683
7069,140.385
7070,214.94
7071,174.226
7072,126.109
7073,154.662
7074,155.984
7075,74.026
7076,148.317
7077,59.485
7078,210.975
7079,84.073
7080,143.029
7081,172.64
7082,152.018
7083,194.319
7084,216.791
7085,192.733
7086,97.556
7087,279.978
7088,150.961
7089,141.443
7090,206.48
7091,196.698
7092,266.23
7093,281.3
7094,6840.965
7095,3115.593
7096,4125.54
7097,5816.726
7098,221.285
7099,81.958
7100,301.392
7101,226.309
7102,274.161
7103,256.977
7104,150.432
7105,189.824
7106,182.686
7107,2077.062
7108,1943.672
7109,164.18
7110,66.624
7111,122.672
7112,171.053
7113,113.947
7114,76.141
7115,125.316
7116,131.925
7117,130.075
7118,184.272
7119,171.847
7120,263.057
7121,120.821
7122,79.843
7123,84.073
7124,119.764
7125,105.752
7126,100.2
7127,180.307
7128,122.143
7129,161.8
7130,176.605
7131,197.227
7132,145.673
7133,77.199
7134,147.788
7135,144.615
7136,114.212
7137,169.467
7138,192.733
7139,105.752
7140,204.365
7141,172.111
7142,180.835
7143,132.983
7144,12143.19
7145,7303.065
7146,4649.57
7147,125.316
7148,173.168
7149,162.858
